,Unnamed: 0,AGEE,nombreEstado,AGEM,nombreMunicipio,CLG,nombreLocalidad,AGEB,manzana,CP,poblacionTotal,numeroKinder,numeroPrimaria,numeroSecundaria,numeroEduBasica,escolaridad,economicamenteActiva,solteros,casados,divorciados,totalHogares,poblacionHogares,totalViviendas,poblacionViviendas,promedioOcupacionVivienda,viviendasPisoNotierra,dosDorm,tresCuartos,serviciosDisponibles,internetPosesion,computadoraPosesion,automovilPosesion,celularPosesion,AGEB.1,AGEE.1,clase
0,0,1,Aguascalientes,1,Aguascalientes,1,Aguascalientes,0229,1,20247.0,65,6.0,12.0,8.0,24.0,13.68,30.0,13.0,24.0,6.0,17.0,65.0,24,0.0,3.82,17.0,17.0,17.0,17.0,14.0,16.0,15.0,17.0,0229,1,0
1,5,1,Aguascalientes,1,Aguascalientes,1,Aguascalientes,0229,7,20247.0,99,5.0,8.0,9.0,30.0,6.81,45.0,38.0,37.0,3.0,18.0,99.0,18,0.0,5.5,18.0,11.0,11.0,18.0,15.0,4.0,8.0,10.0,0229,1,3
2,6,1,Aguascalientes,1,Aguascalientes,1,Aguascalientes,0229,8,20247.0,78,5.0,17.0,6.0,28.0,8.02,31.0,27.0,25.0,4.0,19.0,78.0,20,0.0,4.109999999999999,18.0,12.0,12.0,19.0,4.0,7.0,10.0,13.0,0229,1,3
3,7,1,Aguascalientes,1,Aguascalientes,1,Aguascalientes,0229,10,20247.0,134,7.0,17.0,10.0,40.0,14.04,52.0,33.0,65.0,6.0,40.0,134.0,51,0.0,3.35,39.0,34.0,40.0,40.0,28.0,31.0,38.0,40.0,0229,1,1
4,17,1,Aguascalientes,1,Aguascalientes,1,Aguascalientes,0233,1,20250.0,194,8.0,18.0,9.0,48.0,6.29,77.0,59.0,84.0,12.0,44.0,194.0,47,0.0,4.41,43.0,34.0,42.0,44.0,15.0,3.0,15.0,27.0,0233,1,1
5,19,1,Aguascalientes,1,Aguascalientes,1,Aguascalientes,0233,5,20250.0,246,16.0,37.0,15.0,84.0,6.09,100.0,67.0,92.0,15.0,53.0,243.0,61,0.0,4.58,52.0,39.0,43.0,52.0,15.0,14.0,14.0,34.0,0233,1,1
6,21,1,Aguascalientes,1,Aguascalientes,1,Aguascalientes,0233,7,20250.0,120,9.0,15.0,12.0,42.0,6.67,48.0,28.0,59.0,3.0,21.0,120.0,23,0.0,5.71,20.0,16.0,18.0,21.0,15.0,3.0,7.0,12.0,0233,1,0
7,22,1,Aguascalientes,1,Aguascalientes,1,Aguascalientes,0233,8,20250.0,0,0.0,0.0,0.0,0.0,0.0,0.0,0.0,0.0,0.0,0.0,0.0,1,0.0,0.0,0.0,0.0,0.0,0.0,0.0,0.0,0.0,0.0,0233,1,3
8,24,1,Aguascalientes,1,Aguascalientes,1,Aguascalientes,0233,10,20250.0,26,6.0,5.0,3.0,11.0,8.2,12.0,7.0,8.0,3.0,8.0,26.0,11,0.0,3.25,8.0,6.0,7.0,8.0,15.0,3.0,4.0,6.0,0233,1,3
9,25,1,Aguascalientes,1,Aguascalientes,1,Aguascalientes,0233,12,20250.0,202,11.0,22.0,7.0,51.0,13.4,98.0,70.0,73.0,14.0,64.0,202.0,73,0.0,3.16,64.0,53.0,62.0,62.0,39.0,51.0,55.0,61.0,0233,1,4
10,27,1,Aguascalientes,1,Aguascalientes,1,Aguascalientes,0233,15,20250.0,19,0.0,3.0,0.0,4.0,16.21,12.0,7.0,6.0,5.0,9.0,19.0,15,0.0,2.11,9.0,7.0,9.0,9.0,5.0,7.0,8.0,8.0,0233,1,3
11,28,1,Aguascalientes,1,Aguascalientes,1,Aguascalientes,0233,16,20250.0,23,0.0,14.0,0.0,4.0,14.26,14.0,5.0,11.0,3.0,12.0,23.0,16,0.0,1.92,12.0,9.0,12.0,12.0,10.0,10.0,10.0,12.0,0233,1,3
12,32,1,Aguascalientes,1,Aguascalientes,1,Aguascalientes,0233,23,20250.0,154,17.0,21.0,6.0,56.0,6.67,62.0,36.0,59.0,9.0,34.0,154.0,44,0.0,4.53,34.0,26.0,27.0,33.0,3.0,3.0,11.0,18.0,0233,1,2
13,34,1,Aguascalientes,1,Aguascalientes,1,Aguascalientes,0233,26,20250.0,29,6.0,3.0,0.0,7.0,12.63,9.0,7.0,11.0,5.0,7.0,26.0,8,0.0,3.71,7.0,6.0,7.0,7.0,4.0,5.0,6.0,6.0,0233,1,3
14,36,1,Aguascalientes,1,Aguascalientes,1,Aguascalientes,0233,31,20250.0,25,0.0,0.0,8.0,4.0,15.71,15.0,11.0,9.0,5.0,12.0,25.0,16,0.0,2.08,12.0,9.0,12.0,12.0,9.0,10.0,11.0,11.0,0233,1,3
15,39,1,Aguascalientes,1,Aguascalientes,1,Aguascalientes,0233,35,20250.0,101,8.0,14.0,4.0,34.0,14.89,45.0,23.0,43.0,5.0,29.0,101.0,34,0.0,3.48,27.0,25.0,28.0,29.0,22.0,25.0,28.0,27.0,0233,1,2
16,41,1,Aguascalientes,1,Aguascalientes,1,Aguascalientes,0233,37,20250.0,173,8.0,25.0,8.0,56.0,14.5,72.0,39.0,74.0,12.0,57.0,173.0,79,0.0,3.04,56.0,45.0,57.0,57.0,42.0,49.0,55.0,55.0,0233,1,1
17,43,1,Aguascalientes,1,Aguascalientes,1,Aguascalientes,0233,39,20250.0,60,6.0,7.0,7.0,19.0,13.53,26.0,22.0,26.0,0.0,16.0,60.0,19,0.0,3.75,16.0,14.0,16.0,16.0,12.0,14.0,15.0,16.0,0233,1,0
18,44,1,Aguascalientes,1,Aguascalientes,1,Aguascalientes,0233,40,20250.0,26,0.0,3.0,8.0,6.0,13.5,13.0,9.0,12.0,5.0,8.0,26.0,12,0.0,3.25,8.0,8.0,8.0,8.0,7.0,7.0,8.0,8.0,0233,1,3
19,45,1,Aguascalientes,1,Aguascalientes,1,Aguascalientes,0233,41,20250.0,31,6.0,3.0,8.0,10.0,13.67,10.0,8.0,7.0,7.0,11.0,31.0,17,0.0,2.82,11.0,10.0,11.0,11.0,8.0,8.0,8.0,10.0,0233,1,3
20,48,1,Aguascalientes,1,Aguascalientes,1,Aguascalientes,0233,44,20250.0,22,6.0,3.0,0.0,4.0,14.82,13.0,7.0,10.0,5.0,7.0,22.0,15,0.0,3.14,7.0,5.0,7.0,7.0,6.0,6.0,6.0,7.0,0233,1,3
21,50,1,Aguascalientes,1,Aguascalientes,1,Aguascalientes,0286,1,20270.0,180,8.0,13.0,6.0,33.0,13.12,74.0,61.0,72.0,18.0,56.0,180.0,61,0.0,3.21,56.0,46.0,55.0,56.0,33.0,36.0,50.0,46.0,0286,1,1
22,51,1,Aguascalientes,1,Aguascalientes,1,Aguascalientes,0286,2,20270.0,150,5.0,10.0,3.0,23.0,13.31,54.0,57.0,57.0,13.0,48.0,147.0,58,0.0,3.06,48.0,35.0,44.0,48.0,32.0,36.0,40.0,35.0,0286,1,1
23,53,1,Aguascalientes,1,Aguascalientes,1,Aguascalientes,0286,4,20270.0,80,6.0,3.0,8.0,7.0,11.78,38.0,36.0,29.0,10.0,23.0,80.0,31,0.0,3.48,23.0,19.0,23.0,23.0,12.0,15.0,20.0,22.0,0286,1,0
24,54,1,Aguascalientes,1,Aguascalientes,1,Aguascalientes,0286,5,20270.0,95,6.0,8.0,4.0,19.0,12.28,41.0,30.0,41.0,9.0,32.0,95.0,34,0.0,2.97,32.0,24.0,32.0,32.0,17.0,21.0,28.0,26.0,0286,1,2
25,55,1,Aguascalientes,1,Aguascalientes,1,Aguascalientes,0286,6,20270.0,208,5.0,15.0,7.0,39.0,12.83,81.0,72.0,89.0,15.0,56.0,208.0,64,0.0,3.71,56.0,44.0,55.0,55.0,31.0,43.0,47.0,47.0,0286,1,1
26,56,1,Aguascalientes,1,Aguascalientes,1,Aguascalientes,0286,7,20270.0,129,6.0,8.0,6.0,17.0,13.25,63.0,58.0,44.0,16.0,40.0,129.0,45,0.0,3.23,39.0,39.0,39.0,39.0,27.0,27.0,36.0,37.0,0286,1,1
27,57,1,Aguascalientes,1,Aguascalientes,1,Aguascalientes,0286,8,20270.0,106,6.0,6.0,3.0,12.0,13.02,49.0,37.0,51.0,9.0,31.0,106.0,31,0.0,3.42,30.0,28.0,31.0,31.0,16.0,22.0,26.0,25.0,0286,1,2
28,58,1,Aguascalientes,1,Aguascalientes,1,Aguascalientes,0286,9,20270.0,32,0.0,0.0,8.0,30.0,12.43,15.0,10.0,18.0,3.0,10.0,32.0,10,0.0,3.2,10.0,8.0,10.0,10.0,5.0,6.0,7.0,6.0,0286,1,3
29,60,1,Aguascalientes,1,Aguascalientes,1,Aguascalientes,0286,11,20270.0,39,0.0,14.0,8.0,3.0,12.72,20.0,15.0,19.0,3.0,10.0,39.0,13,0.0,3.9,10.0,9.0,10.0,10.0,6.0,8.0,10.0,7.0,0286,1,3
30,62,1,Aguascalientes,1,Aguascalientes,1,Aguascalientes,0286,13,20270.0,98,6.0,6.0,4.0,13.0,12.58,48.0,40.0,33.0,15.0,29.0,98.0,33,0.0,3.38,29.0,29.0,29.0,28.0,14.0,22.0,22.0,26.0,0286,1,2
31,63,1,Aguascalientes,1,Aguascalientes,1,Aguascalientes,0286,14,20270.0,58,0.0,14.0,8.0,3.0,12.93,25.0,28.0,25.0,3.0,17.0,58.0,20,0.0,3.41,17.0,16.0,17.0,17.0,10.0,14.0,15.0,15.0,0286,1,0
32,64,1,Aguascalientes,1,Aguascalientes,1,Aguascalientes,0286,15,20270.0,159,8.0,13.0,7.0,33.0,11.72,77.0,48.0,68.0,16.0,45.0,159.0,48,0.0,3.53,45.0,36.0,44.0,45.0,24.0,29.0,36.0,30.0,0286,1,1
33,65,1,Aguascalientes,1,Aguascalientes,1,Aguascalientes,0286,16,20270.0,129,5.0,10.0,6.0,24.0,12.2,53.0,47.0,52.0,12.0,34.0,129.0,38,0.0,3.79,33.0,29.0,34.0,34.0,17.0,23.0,30.0,30.0,0286,1,2
34,66,1,Aguascalientes,1,Aguascalientes,1,Aguascalientes,0286,17,20270.0,36,6.0,4.0,8.0,7.0,9.239999999999998,14.0,15.0,10.0,6.0,10.0,36.0,11,0.0,3.6,10.0,10.0,10.0,10.0,5.0,5.0,4.0,7.0,0286,1,3
35,67,1,Aguascalientes,1,Aguascalientes,1,Aguascalientes,0286,19,20270.0,97,5.0,8.0,4.0,19.0,12.81,38.0,32.0,38.0,12.0,27.0,97.0,33,0.0,3.59,27.0,27.0,26.0,27.0,16.0,21.0,22.0,25.0,0286,1,2
36,68,1,Aguascalientes,1,Aguascalientes,1,Aguascalientes,0286,20,20270.0,191,10.0,14.0,8.0,38.0,13.16,82.0,65.0,78.0,18.0,52.0,191.0,54,0.0,3.67,52.0,42.0,52.0,52.0,34.0,40.0,45.0,45.0,0286,1,1
37,70,1,Aguascalientes,1,Aguascalientes,1,Aguascalientes,0286,22,20270.0,108,6.0,9.0,5.0,16.0,12.58,54.0,50.0,36.0,11.0,25.0,108.0,27,0.0,4.319999999999999,24.0,21.0,25.0,25.0,12.0,18.0,22.0,20.0,0286,1,0
38,71,1,Aguascalientes,1,Aguascalientes,1,Aguascalientes,0286,23,20270.0,158,6.0,15.0,6.0,25.0,12.31,72.0,45.0,71.0,17.0,44.0,152.0,51,0.0,3.45,44.0,39.0,43.0,43.0,27.0,30.0,40.0,34.0,0286,1,1
39,72,1,Aguascalientes,1,Aguascalientes,1,Aguascalientes,0286,24,20270.0,122,5.0,4.0,4.0,22.0,13.42,60.0,39.0,53.0,12.0,34.0,122.0,37,0.0,3.59,34.0,28.0,33.0,34.0,22.0,27.0,31.0,34.0,0286,1,2
40,73,1,Aguascalientes,1,Aguascalientes,1,Aguascalientes,0286,25,20270.0,126,4.0,11.0,5.0,24.0,13.06,57.0,45.0,50.0,12.0,35.0,126.0,39,0.0,3.6,34.0,34.0,35.0,34.0,22.0,29.0,32.0,33.0,0286,1,2
41,74,1,Aguascalientes,1,Aguascalientes,1,Aguascalientes,0286,26,20270.0,180,8.0,11.0,10.0,35.0,13.5,75.0,62.0,65.0,28.0,53.0,180.0,57,0.0,3.4,33.0,50.0,52.0,52.0,30.0,34.0,46.0,47.0,0286,1,1
42,75,1,Aguascalientes,1,Aguascalientes,1,Aguascalientes,0286,27,20270.0,143,6.0,20.0,8.0,34.0,12.89,71.0,35.0,67.0,15.0,45.0,143.0,54,0.0,3.18,45.0,37.0,45.0,45.0,26.0,33.0,41.0,36.0,0286,1,1
43,76,1,Aguascalientes,1,Aguascalientes,1,Aguascalientes,0286,28,20270.0,117,10.0,9.0,4.0,27.0,12.33,52.0,36.0,49.0,8.0,32.0,117.0,39,0.0,3.66,32.0,27.0,32.0,31.0,10.0,16.0,28.0,25.0,0286,1,2
44,77,1,Aguascalientes,1,Aguascalientes,1,Aguascalientes,0286,29,20270.0,139,9.0,9.0,8.0,24.0,11.4,70.0,52.0,54.0,11.0,41.0,139.0,45,0.0,3.39,41.0,35.0,41.0,41.0,22.0,28.0,31.0,33.0,0286,1,1
45,78,1,Aguascalientes,1,Aguascalientes,1,Aguascalientes,0286,31,20270.0,44,3.0,14.0,4.0,10.0,9.03,27.0,21.0,16.0,5.0,9.0,44.0,12,0.0,4.89,9.0,9.0,9.0,9.0,5.0,5.0,6.0,9.0,0286,1,3
46,79,1,Aguascalientes,1,Aguascalientes,1,Aguascalientes,0286,32,20270.0,112,4.0,6.0,7.0,22.0,12.1,54.0,43.0,48.0,6.0,28.0,112.0,29,0.0,4.0,28.0,24.0,27.0,28.0,20.0,22.0,23.0,23.0,0286,1,2
47,81,1,Aguascalientes,1,Aguascalientes,1,Aguascalientes,0286,36,20270.0,70,5.0,7.0,8.0,18.0,8.54,31.0,22.0,28.0,4.0,17.0,70.0,19,0.0,4.119999999999999,17.0,14.0,15.0,17.0,6.0,7.0,12.0,11.0,0286,1,3
48,82,1,Aguascalientes,1,Aguascalientes,1,Aguascalientes,0286,37,20270.0,119,6.0,11.0,7.0,27.0,11.44,60.0,45.0,39.0,15.0,32.0,119.0,37,0.0,3.72,30.0,29.0,31.0,32.0,16.0,22.0,24.0,29.0,0286,1,2
49,84,1,Aguascalientes,1,Aguascalientes,1,Aguascalientes,0286,39,20270.0,80,6.0,5.0,8.0,18.0,13.08,37.0,34.0,21.0,12.0,23.0,77.0,28,0.0,3.35,23.0,23.0,23.0,23.0,15.0,18.0,20.0,22.0,0286,1,0
50,86,1,Aguascalientes,1,Aguascalientes,1,Aguascalientes,0286,41,20270.0,35,0.0,14.0,3.0,6.0,13.34,19.0,17.0,9.0,6.0,10.0,35.0,13,0.0,3.5,10.0,8.0,9.0,10.0,7.0,7.0,9.0,8.0,0286,1,3
51,87,1,Aguascalientes,1,Aguascalientes,1,Aguascalientes,0286,42,20270.0,41,0.0,3.0,3.0,6.0,12.11,25.0,21.0,14.0,3.0,11.0,41.0,11,0.0,3.73,11.0,10.0,11.0,11.0,8.0,8.0,7.0,6.0,0286,1,3
52,88,1,Aguascalientes,1,Aguascalientes,1,Aguascalientes,0290,1,20277.0,70,3.0,3.0,3.0,12.0,12.55,30.0,21.0,26.0,14.0,26.0,70.0,27,0.0,2.69,26.0,19.0,23.0,26.0,10.0,14.0,24.0,21.0,0290,1,0
53,89,1,Aguascalientes,1,Aguascalientes,1,Aguascalientes,0290,2,20277.0,150,9.0,19.0,5.0,37.0,11.44,53.0,46.0,59.0,13.0,38.0,150.0,40,0.0,3.95,38.0,33.0,38.0,38.0,19.0,26.0,32.0,35.0,0290,1,2
54,90,1,Aguascalientes,1,Aguascalientes,1,Aguascalientes,0290,3,20277.0,132,4.0,12.0,5.0,23.0,13.21,56.0,46.0,59.0,9.0,36.0,132.0,40,0.0,3.67,36.0,34.0,36.0,36.0,28.0,30.0,31.0,31.0,0290,1,2
55,92,1,Aguascalientes,1,Aguascalientes,1,Aguascalientes,0290,5,20277.0,47,6.0,6.0,0.0,8.0,13.79,23.0,16.0,20.0,3.0,13.0,47.0,16,0.0,3.62,13.0,11.0,13.0,13.0,9.0,11.0,12.0,11.0,0290,1,3
56,94,1,Aguascalientes,1,Aguascalientes,1,Aguascalientes,0290,7,20277.0,78,0.0,14.0,8.0,5.0,12.64,48.0,36.0,25.0,14.0,25.0,78.0,28,0.0,3.12,25.0,20.0,25.0,25.0,14.0,18.0,25.0,23.0,0290,1,0
57,95,1,Aguascalientes,1,Aguascalientes,1,Aguascalientes,0290,8,20277.0,80,6.0,6.0,7.0,16.0,12.7,30.0,29.0,33.0,6.0,21.0,77.0,24,0.0,3.67,21.0,18.0,21.0,20.0,15.0,17.0,19.0,19.0,0290,1,0
58,96,1,Aguascalientes,1,Aguascalientes,1,Aguascalientes,0290,9,20277.0,131,4.0,7.0,9.0,24.0,11.11,69.0,52.0,52.0,9.0,32.0,128.0,41,0.0,4.0,32.0,30.0,31.0,32.0,19.0,19.0,26.0,24.0,0290,1,2
59,97,1,Aguascalientes,1,Aguascalientes,1,Aguascalientes,0290,10,20277.0,123,5.0,9.0,8.0,27.0,10.69,52.0,43.0,50.0,11.0,32.0,123.0,34,0.0,3.84,32.0,26.0,32.0,32.0,13.0,17.0,25.0,21.0,0290,1,2
60,99,1,Aguascalientes,1,Aguascalientes,1,Aguascalientes,0290,12,20277.0,68,6.0,5.0,3.0,11.0,13.51,33.0,23.0,24.0,8.0,21.0,65.0,23,0.0,3.1,21.0,21.0,21.0,21.0,12.0,16.0,19.0,18.0,0290,1,0
61,100,1,Aguascalientes,1,Aguascalientes,1,Aguascalientes,0290,13,20277.0,74,6.0,5.0,3.0,10.0,11.41,34.0,31.0,28.0,5.0,19.0,71.0,23,0.0,3.74,19.0,16.0,19.0,19.0,9.0,12.0,14.0,16.0,0290,1,0
62,101,1,Aguascalientes,1,Aguascalientes,1,Aguascalientes,0290,14,20277.0,172,6.0,15.0,7.0,37.0,10.63,72.0,57.0,73.0,12.0,42.0,172.0,48,0.0,4.1,41.0,34.0,40.0,42.0,22.0,32.0,32.0,33.0,0290,1,1
63,102,1,Aguascalientes,1,Aguascalientes,1,Aguascalientes,0290,15,20277.0,83,4.0,7.0,8.0,17.0,13.1,38.0,23.0,35.0,4.0,20.0,77.0,22,0.0,3.85,20.0,19.0,20.0,20.0,10.0,15.0,18.0,17.0,0290,1,0
64,103,1,Aguascalientes,1,Aguascalientes,1,Aguascalientes,0290,16,20277.0,92,3.0,9.0,6.0,20.0,12.95,39.0,31.0,44.0,3.0,24.0,92.0,24,0.0,3.83,24.0,20.0,24.0,24.0,14.0,16.0,22.0,20.0,0290,1,0
65,105,1,Aguascalientes,1,Aguascalientes,1,Aguascalientes,0290,20,20277.0,35,6.0,3.0,8.0,5.0,13.12,14.0,15.0,10.0,3.0,10.0,32.0,11,0.0,3.2,10.0,10.0,10.0,10.0,7.0,7.0,9.0,9.0,0290,1,3
66,106,1,Aguascalientes,1,Aguascalientes,1,Aguascalientes,0290,22,20277.0,67,4.0,6.0,8.0,13.0,11.19,22.0,22.0,26.0,7.0,17.0,67.0,22,0.0,3.94,17.0,15.0,17.0,17.0,10.0,10.0,15.0,13.0,0290,1,0
67,107,1,Aguascalientes,1,Aguascalientes,1,Aguascalientes,0290,23,20277.0,71,3.0,9.0,8.0,17.0,12.65,36.0,18.0,33.0,4.0,19.0,71.0,19,0.0,3.74,19.0,17.0,18.0,19.0,14.0,15.0,17.0,16.0,0290,1,0
68,110,1,Aguascalientes,1,Aguascalientes,1,Aguascalientes,0290,27,20277.0,111,6.0,5.0,8.0,13.0,11.47,43.0,37.0,57.0,6.0,31.0,111.0,39,0.0,3.58,31.0,26.0,30.0,31.0,14.0,20.0,27.0,23.0,0290,1,2
69,111,1,Aguascalientes,1,Aguascalientes,1,Aguascalientes,0290,28,20277.0,22,6.0,0.0,8.0,3.0,10.47,13.0,9.0,8.0,3.0,6.0,22.0,10,0.0,3.67,6.0,6.0,6.0,6.0,4.0,4.0,5.0,5.0,0290,1,3
70,112,1,Aguascalientes,1,Aguascalientes,1,Aguascalientes,0290,29,20277.0,33,0.0,14.0,8.0,3.0,11.27,15.0,15.0,16.0,0.0,10.0,33.0,11,0.0,3.3,10.0,8.0,9.0,10.0,4.0,6.0,9.0,5.0,0290,1,3
71,113,1,Aguascalientes,1,Aguascalientes,1,Aguascalientes,0290,30,20277.0,65,6.0,7.0,4.0,16.0,13.67,23.0,19.0,32.0,5.0,16.0,65.0,18,0.0,4.06,16.0,16.0,16.0,16.0,11.0,13.0,15.0,15.0,0290,1,0
72,114,1,Aguascalientes,1,Aguascalientes,1,Aguascalientes,0290,31,20277.0,33,6.0,4.0,8.0,6.0,13.96,15.0,15.0,10.0,3.0,7.0,33.0,7,0.0,4.71,7.0,7.0,7.0,7.0,5.0,5.0,6.0,7.0,0290,1,3
73,115,1,Aguascalientes,1,Aguascalientes,1,Aguascalientes,0290,32,20277.0,12,0.0,0.0,0.0,0.0,15.5,8.0,8.0,4.0,0.0,4.0,12.0,8,0.0,3.0,4.0,3.0,4.0,4.0,4.0,4.0,4.0,4.0,0290,1,3
74,118,1,Aguascalientes,1,Aguascalientes,1,Aguascalientes,0303,1,20280.0,74,3.0,4.0,0.0,9.0,11.42,36.0,26.0,32.0,7.0,22.0,74.0,24,0.0,3.36,22.0,16.0,22.0,21.0,9.0,11.0,18.0,16.0,0303,1,0
75,119,1,Aguascalientes,1,Aguascalientes,1,Aguascalientes,0303,2,20280.0,182,6.0,17.0,8.0,40.0,8.88,73.0,58.0,76.0,15.0,45.0,182.0,57,0.0,4.04,45.0,39.0,45.0,44.0,20.0,24.0,30.0,34.0,0303,1,1
76,120,1,Aguascalientes,1,Aguascalientes,1,Aguascalientes,0303,3,20280.0,228,11.0,25.0,14.0,58.0,8.860000000000003,98.0,67.0,92.0,24.0,58.0,228.0,67,0.0,3.93,58.0,50.0,58.0,58.0,15.0,22.0,37.0,41.0,0303,1,1
77,121,1,Aguascalientes,1,Aguascalientes,1,Aguascalientes,0303,4,20280.0,116,4.0,11.0,8.0,26.0,9.63,51.0,42.0,43.0,13.0,28.0,116.0,29,0.0,4.14,28.0,25.0,26.0,28.0,9.0,14.0,21.0,21.0,0303,1,0
78,122,1,Aguascalientes,1,Aguascalientes,1,Aguascalientes,0303,5,20280.0,75,6.0,9.0,8.0,14.0,12.85,37.0,28.0,31.0,3.0,19.0,75.0,22,0.0,3.95,19.0,18.0,19.0,19.0,15.0,16.0,17.0,16.0,0303,1,0
79,123,1,Aguascalientes,1,Aguascalientes,1,Aguascalientes,0303,6,20280.0,70,6.0,6.0,4.0,13.0,11.61,31.0,29.0,28.0,4.0,19.0,70.0,27,0.0,3.68,19.0,14.0,18.0,19.0,8.0,9.0,14.0,13.0,0303,1,0
80,124,1,Aguascalientes,1,Aguascalientes,1,Aguascalientes,0303,7,20280.0,60,6.0,8.0,4.0,19.0,8.54,25.0,18.0,24.0,3.0,14.0,60.0,16,0.0,4.29,14.0,7.0,13.0,14.0,15.0,3.0,7.0,9.0,0303,1,3
81,125,1,Aguascalientes,1,Aguascalientes,1,Aguascalientes,0303,8,20280.0,114,5.0,13.0,4.0,24.0,10.57,45.0,38.0,38.0,18.0,27.0,114.0,31,0.0,4.22,27.0,26.0,27.0,27.0,10.0,12.0,19.0,18.0,0303,1,2
82,126,1,Aguascalientes,1,Aguascalientes,1,Aguascalientes,0303,9,20280.0,85,5.0,4.0,8.0,12.0,10.38,30.0,28.0,39.0,8.0,22.0,85.0,28,0.0,3.86,22.0,19.0,20.0,21.0,6.0,9.0,12.0,18.0,0303,1,0
83,127,1,Aguascalientes,1,Aguascalientes,1,Aguascalientes,0303,10,20280.0,128,8.0,11.0,6.0,30.0,10.99,56.0,39.0,58.0,4.0,31.0,125.0,36,0.0,4.03,31.0,24.0,29.0,31.0,14.0,19.0,22.0,26.0,0303,1,2
84,128,1,Aguascalientes,1,Aguascalientes,1,Aguascalientes,0303,11,20280.0,131,8.0,9.0,8.0,30.0,11.79,59.0,48.0,50.0,11.0,31.0,131.0,33,0.0,4.23,31.0,25.0,30.0,30.0,16.0,21.0,25.0,27.0,0303,1,2
85,129,1,Aguascalientes,1,Aguascalientes,1,Aguascalientes,0303,12,20280.0,104,5.0,11.0,3.0,25.0,9.99,49.0,27.0,46.0,8.0,30.0,104.0,35,0.0,3.47,30.0,25.0,28.0,30.0,9.0,13.0,20.0,20.0,0303,1,2
86,130,1,Aguascalientes,1,Aguascalientes,1,Aguascalientes,0303,13,20280.0,109,5.0,10.0,7.0,25.0,12.34,55.0,34.0,43.0,8.0,27.0,103.0,38,0.0,3.81,27.0,23.0,27.0,27.0,14.0,17.0,24.0,24.0,0303,1,2
87,131,1,Aguascalientes,1,Aguascalientes,1,Aguascalientes,0303,14,20280.0,163,6.0,14.0,12.0,30.0,11.38,78.0,79.0,44.0,22.0,46.0,163.0,52,0.0,3.54,46.0,37.0,44.0,46.0,19.0,26.0,32.0,38.0,0303,1,1
88,132,1,Aguascalientes,1,Aguascalientes,1,Aguascalientes,0303,15,20280.0,103,0.0,5.0,4.0,13.0,11.78,49.0,38.0,38.0,15.0,29.0,100.0,35,0.0,3.45,29.0,25.0,28.0,29.0,19.0,20.0,22.0,23.0,0303,1,2
89,133,1,Aguascalientes,1,Aguascalientes,1,Aguascalientes,0303,16,20280.0,72,6.0,5.0,3.0,10.0,9.9,25.0,27.0,32.0,3.0,20.0,69.0,23,0.0,3.45,20.0,16.0,20.0,20.0,11.0,12.0,15.0,15.0,0303,1,0
90,134,1,Aguascalientes,1,Aguascalientes,1,Aguascalientes,0303,17,20280.0,73,6.0,12.0,5.0,22.0,8.31,32.0,18.0,33.0,5.0,17.0,73.0,20,0.0,4.29,17.0,13.0,14.0,17.0,3.0,3.0,7.0,12.0,0303,1,3
91,135,1,Aguascalientes,1,Aguascalientes,1,Aguascalientes,0303,18,20280.0,128,7.0,18.0,5.0,34.0,11.05,53.0,37.0,47.0,15.0,36.0,128.0,45,0.0,3.56,36.0,29.0,35.0,36.0,19.0,20.0,27.0,32.0,0303,1,2
92,136,1,Aguascalientes,1,Aguascalientes,1,Aguascalientes,0303,19,20280.0,83,6.0,5.0,5.0,13.0,11.16,29.0,34.0,31.0,10.0,21.0,83.0,24,0.0,3.95,21.0,17.0,20.0,20.0,12.0,14.0,17.0,17.0,0303,1,0
93,137,1,Aguascalientes,1,Aguascalientes,1,Aguascalientes,0303,20,20280.0,56,3.0,5.0,8.0,10.0,12.36,26.0,22.0,22.0,3.0,15.0,56.0,19,0.0,3.73,15.0,13.0,14.0,15.0,4.0,8.0,13.0,14.0,0303,1,3
94,138,1,Aguascalientes,1,Aguascalientes,1,Aguascalientes,0303,22,20280.0,79,4.0,4.0,3.0,13.0,9.97,38.0,30.0,27.0,12.0,25.0,79.0,28,0.0,3.16,25.0,20.0,25.0,23.0,9.0,10.0,13.0,19.0,0303,1,0
95,140,1,Aguascalientes,1,Aguascalientes,1,Aguascalientes,0303,26,20280.0,111,7.0,17.0,4.0,33.0,10.61,54.0,33.0,34.0,15.0,29.0,111.0,29,0.0,3.83,28.0,20.0,26.0,29.0,12.0,14.0,21.0,23.0,0303,1,2
96,141,1,Aguascalientes,1,Aguascalientes,1,Aguascalientes,0303,27,20280.0,38,0.0,4.0,3.0,9.0,9.41,15.0,16.0,9.0,7.0,10.0,38.0,14,0.0,3.8,10.0,9.0,10.0,10.0,15.0,3.0,4.0,8.0,0303,1,3
97,143,1,Aguascalientes,1,Aguascalientes,1,Aguascalientes,0322,1,20290.0,67,6.0,5.0,3.0,10.0,12.67,30.0,22.0,33.0,5.0,21.0,67.0,22,0.0,3.19,21.0,14.0,21.0,21.0,14.0,18.0,18.0,17.0,0322,1,0
98,144,1,Aguascalientes,1,Aguascalientes,1,Aguascalientes,0322,2,20290.0,63,6.0,7.0,3.0,16.0,13.28,30.0,16.0,26.0,8.0,18.0,63.0,19,0.0,3.5,18.0,13.0,18.0,18.0,8.0,12.0,14.0,14.0,0322,1,0
99,145,1,Aguascalientes,1,Aguascalientes,1,Aguascalientes,0322,3,20290.0,19,0.0,0.0,3.0,3.0,9.94,12.0,9.0,8.0,5.0,5.0,19.0,11,0.0,3.8,5.0,4.0,5.0,5.0,15.0,4.0,4.0,5.0,0322,1,3
100,146,1,Aguascalientes,1,Aguascalientes,1,Aguascalientes,0322,4,20290.0,64,0.0,5.0,4.0,10.0,12.83,22.0,28.0,20.0,10.0,22.0,64.0,22,0.0,2.91,20.0,16.0,21.0,22.0,13.0,15.0,18.0,19.0,0322,1,0
101,147,1,Aguascalientes,1,Aguascalientes,1,Aguascalientes,0322,5,20290.0,138,8.0,15.0,6.0,34.0,9.28,52.0,38.0,61.0,11.0,34.0,138.0,43,0.0,4.06,34.0,27.0,31.0,34.0,5.0,12.0,19.0,26.0,0322,1,2
102,148,1,Aguascalientes,1,Aguascalientes,1,Aguascalientes,0322,7,20290.0,161,5.0,30.0,10.0,50.0,8.450000000000001,74.0,58.0,46.0,16.0,34.0,161.0,40,0.0,4.74,34.0,29.0,33.0,34.0,4.0,7.0,13.0,26.0,0322,1,2
103,150,1,Aguascalientes,1,Aguascalientes,1,Aguascalientes,0322,9,20290.0,40,6.0,3.0,0.0,10.0,13.8,18.0,11.0,15.0,4.0,14.0,40.0,15,0.0,2.86,14.0,10.0,14.0,14.0,6.0,9.0,10.0,13.0,0322,1,3
104,151,1,Aguascalientes,1,Aguascalientes,1,Aguascalientes,0322,10,20290.0,47,4.0,14.0,8.0,7.0,12.75,23.0,14.0,20.0,3.0,15.0,47.0,17,0.0,3.13,13.0,9.0,13.0,13.0,9.0,11.0,11.0,12.0,0322,1,3
105,152,1,Aguascalientes,1,Aguascalientes,1,Aguascalientes,0322,11,20290.0,45,6.0,3.0,8.0,7.0,13.21,14.0,17.0,18.0,4.0,12.0,45.0,17,0.0,3.75,12.0,12.0,12.0,12.0,8.0,9.0,10.0,9.0,0322,1,3
106,153,1,Aguascalientes,1,Aguascalientes,1,Aguascalientes,0322,12,20290.0,136,4.0,12.0,3.0,29.0,9.25,60.0,47.0,42.0,21.0,34.0,136.0,43,0.0,4.0,34.0,29.0,31.0,34.0,8.0,13.0,21.0,25.0,0322,1,2
107,154,1,Aguascalientes,1,Aguascalientes,1,Aguascalientes,0322,13,20290.0,135,3.0,10.0,4.0,22.0,9.19,72.0,54.0,51.0,12.0,35.0,135.0,44,0.0,3.86,35.0,29.0,32.0,35.0,7.0,14.0,19.0,23.0,0322,1,2
108,155,1,Aguascalientes,1,Aguascalientes,1,Aguascalientes,0322,15,20290.0,128,4.0,17.0,4.0,33.0,11.91,47.0,42.0,44.0,13.0,35.0,128.0,40,0.0,3.66,34.0,26.0,35.0,35.0,16.0,21.0,27.0,33.0,0322,1,2
109,159,1,Aguascalientes,1,Aguascalientes,1,Aguascalientes,0322,19,20290.0,34,3.0,3.0,0.0,7.0,10.26,17.0,9.0,15.0,3.0,13.0,34.0,21,0.0,2.62,12.0,9.0,13.0,13.0,3.0,5.0,6.0,8.0,0322,1,3
110,160,1,Aguascalientes,1,Aguascalientes,1,Aguascalientes,0322,21,20290.0,120,5.0,8.0,6.0,20.0,8.51,60.0,39.0,58.0,9.0,30.0,120.0,34,0.0,4.0,30.0,24.0,30.0,30.0,7.0,13.0,16.0,22.0,0322,1,2
111,161,1,Aguascalientes,1,Aguascalientes,1,Aguascalientes,0322,22,20290.0,149,5.0,12.0,9.0,32.0,8.139999999999999,77.0,56.0,54.0,16.0,33.0,149.0,37,0.0,4.52,32.0,22.0,27.0,32.0,7.0,10.0,16.0,15.0,0322,1,2
112,162,1,Aguascalientes,1,Aguascalientes,1,Aguascalientes,0322,23,20290.0,193,5.0,16.0,11.0,43.0,9.23,95.0,70.0,86.0,5.0,43.0,193.0,48,0.0,4.49,43.0,34.0,40.0,43.0,11.0,17.0,29.0,34.0,0322,1,1
113,163,1,Aguascalientes,1,Aguascalientes,1,Aguascalientes,0322,24,20290.0,86,6.0,5.0,3.0,10.0,12.66,43.0,40.0,30.0,9.0,26.0,86.0,28,0.0,3.31,26.0,24.0,26.0,26.0,20.0,19.0,23.0,22.0,0322,1,2
114,164,1,Aguascalientes,1,Aguascalientes,1,Aguascalientes,0322,25,20290.0,122,3.0,6.0,5.0,19.0,13.46,61.0,46.0,47.0,15.0,36.0,122.0,45,0.0,3.39,36.0,31.0,36.0,36.0,24.0,28.0,35.0,31.0,0322,1,2
115,165,1,Aguascalientes,1,Aguascalientes,1,Aguascalientes,0322,26,20290.0,96,0.0,7.0,3.0,12.0,12.12,51.0,37.0,37.0,12.0,28.0,96.0,37,0.0,3.43,27.0,22.0,27.0,27.0,19.0,21.0,22.0,25.0,0322,1,2
116,166,1,Aguascalientes,1,Aguascalientes,1,Aguascalientes,0322,27,20290.0,38,0.0,14.0,3.0,4.0,12.35,19.0,20.0,12.0,5.0,10.0,38.0,11,0.0,3.8,10.0,10.0,10.0,10.0,3.0,5.0,8.0,8.0,0322,1,3
117,168,1,Aguascalientes,1,Aguascalientes,1,Aguascalientes,0322,29,20290.0,15,0.0,3.0,0.0,6.0,15.11,7.0,3.0,6.0,0.0,5.0,15.0,6,0.0,3.0,5.0,3.0,4.0,5.0,15.0,3.0,18.0,5.0,0322,1,3
118,169,1,Aguascalientes,1,Aguascalientes,1,Aguascalientes,0322,30,20290.0,61,0.0,14.0,4.0,9.0,11.83,19.0,30.0,19.0,7.0,16.0,61.0,17,0.0,3.81,15.0,13.0,16.0,16.0,8.0,11.0,10.0,13.0,0322,1,0
119,171,1,Aguascalientes,1,Aguascalientes,1,Aguascalientes,0322,32,20290.0,178,9.0,15.0,8.0,36.0,7.64,75.0,58.0,74.0,15.0,41.0,175.0,46,0.0,4.2700000000000005,41.0,33.0,38.0,41.0,7.0,13.0,17.0,26.0,0322,1,2
120,173,1,Aguascalientes,1,Aguascalientes,1,Aguascalientes,0337,1,20298.0,162,6.0,10.0,9.0,31.0,8.950000000000003,84.0,56.0,68.0,16.0,44.0,162.0,49,0.0,3.68,44.0,38.0,39.0,44.0,7.0,15.0,24.0,36.0,0337,1,2
121,174,1,Aguascalientes,1,Aguascalientes,1,Aguascalientes,0337,2,20298.0,120,8.0,13.0,8.0,36.0,8.94,45.0,39.0,39.0,13.0,32.0,120.0,34,0.0,3.75,32.0,30.0,32.0,32.0,8.0,15.0,17.0,24.0,0337,1,2
122,177,1,Aguascalientes,1,Aguascalientes,1,Aguascalientes,0337,5,20298.0,138,4.0,17.0,9.0,38.0,8.76,64.0,47.0,52.0,10.0,33.0,138.0,37,0.0,4.18,33.0,28.0,31.0,33.0,8.0,13.0,18.0,27.0,0337,1,2
123,178,1,Aguascalientes,1,Aguascalientes,1,Aguascalientes,0337,6,20298.0,61,3.0,3.0,8.0,12.0,9.29,29.0,20.0,27.0,4.0,18.0,61.0,20,0.0,3.39,18.0,18.0,18.0,18.0,3.0,7.0,13.0,13.0,0337,1,0
124,181,1,Aguascalientes,1,Aguascalientes,1,Aguascalientes,0337,9,20298.0,158,11.0,18.0,8.0,41.0,8.31,62.0,44.0,63.0,18.0,36.0,158.0,43,0.0,4.39,36.0,28.0,32.0,35.0,7.0,10.0,14.0,23.0,0337,1,2
125,182,1,Aguascalientes,1,Aguascalientes,1,Aguascalientes,0337,10,20298.0,123,7.0,14.0,7.0,34.0,8.51,51.0,41.0,44.0,11.0,27.0,123.0,31,0.0,4.56,27.0,23.0,24.0,27.0,6.0,9.0,12.0,23.0,0337,1,0
126,183,1,Aguascalientes,1,Aguascalientes,1,Aguascalientes,0337,11,20298.0,88,5.0,7.0,5.0,19.0,9.78,36.0,29.0,32.0,13.0,25.0,88.0,32,0.0,3.52,25.0,20.0,23.0,25.0,9.0,10.0,14.0,17.0,0337,1,0
127,184,1,Aguascalientes,1,Aguascalientes,1,Aguascalientes,0337,12,20298.0,137,4.0,14.0,9.0,34.0,8.719999999999999,63.0,49.0,51.0,12.0,33.0,137.0,37,0.0,4.15,33.0,30.0,32.0,33.0,8.0,10.0,14.0,22.0,0337,1,2
128,186,1,Aguascalientes,1,Aguascalientes,1,Aguascalientes,0337,14,20298.0,28,0.0,0.0,8.0,4.0,10.96,11.0,14.0,10.0,5.0,5.0,28.0,8,0.0,5.6,5.0,5.0,5.0,5.0,3.0,3.0,5.0,4.0,0337,1,3
129,188,1,Aguascalientes,1,Aguascalientes,1,Aguascalientes,0337,16,20298.0,106,6.0,19.0,6.0,34.0,8.11,47.0,32.0,35.0,11.0,33.0,106.0,37,0.0,3.21,33.0,26.0,31.0,33.0,3.0,5.0,19.0,26.0,0337,1,2
130,189,1,Aguascalientes,1,Aguascalientes,1,Aguascalientes,0337,17,20298.0,86,3.0,10.0,4.0,17.0,10.29,35.0,32.0,32.0,9.0,19.0,86.0,23,0.0,4.53,19.0,18.0,19.0,19.0,8.0,9.0,13.0,14.0,0337,1,0
131,190,1,Aguascalientes,1,Aguascalientes,1,Aguascalientes,0337,18,20298.0,72,6.0,8.0,4.0,16.0,8.88,32.0,26.0,30.0,4.0,19.0,72.0,29,0.0,3.79,19.0,16.0,16.0,19.0,4.0,7.0,10.0,13.0,0337,1,0
132,191,1,Aguascalientes,1,Aguascalientes,1,Aguascalientes,0337,19,20298.0,20,6.0,14.0,0.0,3.0,9.35,10.0,6.0,7.0,4.0,6.0,20.0,6,0.0,3.33,6.0,6.0,6.0,6.0,4.0,3.0,4.0,4.0,0337,1,3
133,193,1,Aguascalientes,1,Aguascalientes,1,Aguascalientes,0341,1,20299.0,46,6.0,5.0,3.0,12.0,9.47,19.0,15.0,18.0,4.0,13.0,46.0,14,0.0,3.54,13.0,9.0,13.0,13.0,7.0,8.0,11.0,10.0,0341,1,3
134,194,1,Aguascalientes,1,Aguascalientes,1,Aguascalientes,0341,2,20299.0,52,0.0,5.0,5.0,11.0,11.39,20.0,23.0,15.0,8.0,16.0,52.0,19,0.0,3.25,16.0,13.0,16.0,16.0,8.0,11.0,11.0,14.0,0341,1,0
135,195,1,Aguascalientes,1,Aguascalientes,1,Aguascalientes,0341,3,20299.0,185,4.0,21.0,8.0,39.0,10.23,82.0,58.0,78.0,18.0,50.0,185.0,57,0.0,3.7,50.0,44.0,46.0,50.0,20.0,24.0,32.0,37.0,0341,1,1
136,197,1,Aguascalientes,1,Aguascalientes,1,Aguascalientes,0341,5,20299.0,61,6.0,3.0,8.0,7.0,10.37,32.0,25.0,27.0,4.0,15.0,61.0,15,0.0,4.07,15.0,12.0,15.0,15.0,7.0,8.0,11.0,11.0,0341,1,3
137,198,1,Aguascalientes,1,Aguascalientes,1,Aguascalientes,0341,6,20299.0,169,10.0,16.0,10.0,40.0,9.58,82.0,57.0,56.0,26.0,46.0,169.0,49,0.0,3.67,46.0,39.0,45.0,46.0,11.0,21.0,28.0,40.0,0341,1,1
138,199,1,Aguascalientes,1,Aguascalientes,1,Aguascalientes,0341,7,20299.0,55,6.0,5.0,0.0,8.0,10.33,27.0,15.0,28.0,4.0,15.0,55.0,19,0.0,3.67,15.0,14.0,14.0,15.0,5.0,9.0,10.0,13.0,0341,1,3
139,201,1,Aguascalientes,1,Aguascalientes,1,Aguascalientes,0341,9,20299.0,190,6.0,21.0,12.0,44.0,8.52,92.0,70.0,58.0,30.0,49.0,190.0,53,0.0,3.88,49.0,39.0,47.0,49.0,9.0,17.0,27.0,34.0,0341,1,1
140,203,1,Aguascalientes,1,Aguascalientes,1,Aguascalientes,0341,11,20299.0,27,6.0,3.0,8.0,6.0,10.67,12.0,11.0,6.0,5.0,10.0,27.0,13,0.0,2.7,10.0,4.0,10.0,10.0,5.0,6.0,4.0,10.0,0341,1,3
141,204,1,Aguascalientes,1,Aguascalientes,1,Aguascalientes,0341,12,20299.0,170,6.0,12.0,7.0,37.0,8.78,77.0,52.0,73.0,14.0,49.0,170.0,58,0.0,3.47,49.0,40.0,45.0,47.0,5.0,10.0,27.0,35.0,0341,1,1
142,205,1,Aguascalientes,1,Aguascalientes,1,Aguascalientes,0341,13,20299.0,87,6.0,8.0,3.0,23.0,10.37,37.0,23.0,38.0,6.0,22.0,87.0,22,0.0,3.95,22.0,18.0,22.0,22.0,7.0,11.0,15.0,12.0,0341,1,0
143,206,1,Aguascalientes,1,Aguascalientes,1,Aguascalientes,0341,14,20299.0,55,6.0,4.0,0.0,15.0,11.2,22.0,15.0,23.0,5.0,15.0,55.0,19,0.0,3.67,15.0,10.0,15.0,15.0,15.0,6.0,10.0,9.0,0341,1,0
144,207,1,Aguascalientes,1,Aguascalientes,1,Aguascalientes,0341,15,20299.0,185,11.0,18.0,5.0,43.0,8.93,90.0,53.0,74.0,20.0,47.0,185.0,53,0.0,3.94,47.0,38.0,40.0,47.0,14.0,17.0,27.0,32.0,0341,1,1
145,208,1,Aguascalientes,1,Aguascalientes,1,Aguascalientes,0341,16,20299.0,55,6.0,14.0,3.0,8.0,8.46,25.0,19.0,26.0,4.0,17.0,55.0,17,0.0,3.24,16.0,13.0,16.0,17.0,7.0,8.0,15.0,13.0,0341,1,0
146,209,1,Aguascalientes,1,Aguascalientes,1,Aguascalientes,0341,17,20299.0,60,6.0,8.0,8.0,15.0,11.82,28.0,12.0,26.0,9.0,17.0,60.0,21,0.0,3.53,17.0,13.0,17.0,17.0,5.0,7.0,13.0,12.0,0341,1,0
147,210,1,Aguascalientes,1,Aguascalientes,1,Aguascalientes,0341,18,20299.0,156,9.0,7.0,11.0,32.0,8.739999999999998,78.0,58.0,58.0,18.0,38.0,156.0,42,0.0,4.109999999999999,38.0,33.0,35.0,38.0,8.0,15.0,22.0,31.0,0341,1,2
148,211,1,Aguascalientes,1,Aguascalientes,1,Aguascalientes,0341,19,20299.0,76,3.0,9.0,6.0,20.0,11.28,29.0,26.0,22.0,8.0,18.0,70.0,22,0.0,3.89,18.0,11.0,18.0,18.0,6.0,8.0,9.0,13.0,0341,1,0
149,212,1,Aguascalientes,1,Aguascalientes,1,Aguascalientes,0341,20,20299.0,58,3.0,14.0,3.0,13.0,10.53,23.0,17.0,25.0,6.0,18.0,58.0,21,0.0,3.22,18.0,13.0,17.0,18.0,5.0,8.0,12.0,15.0,0341,1,0
150,214,1,Aguascalientes,1,Aguascalientes,1,Aguascalientes,0341,22,20299.0,67,4.0,4.0,8.0,12.0,9.739999999999998,39.0,24.0,26.0,7.0,17.0,67.0,18,0.0,3.94,17.0,13.0,15.0,17.0,6.0,8.0,7.0,14.0,0341,1,3
151,218,1,Aguascalientes,1,Aguascalientes,1,Aguascalientes,0356,2,20326.0,91,6.0,11.0,3.0,20.0,9.55,35.0,28.0,40.0,6.0,26.0,91.0,32,0.0,3.5,26.0,22.0,26.0,26.0,8.0,10.0,14.0,18.0,0356,1,0
152,219,1,Aguascalientes,1,Aguascalientes,1,Aguascalientes,0356,3,20326.0,83,6.0,6.0,3.0,13.0,9.6,30.0,34.0,28.0,11.0,24.0,83.0,29,0.0,3.46,24.0,21.0,23.0,24.0,9.0,13.0,15.0,17.0,0356,1,0
153,220,1,Aguascalientes,1,Aguascalientes,1,Aguascalientes,0356,4,20326.0,46,0.0,4.0,3.0,7.0,11.77,25.0,20.0,19.0,3.0,12.0,46.0,13,0.0,3.83,12.0,11.0,12.0,12.0,5.0,5.0,8.0,10.0,0356,1,3
154,221,1,Aguascalientes,1,Aguascalientes,1,Aguascalientes,0356,5,20326.0,78,3.0,7.0,3.0,16.0,11.25,37.0,27.0,31.0,7.0,22.0,78.0,22,0.0,3.55,22.0,20.0,21.0,22.0,10.0,12.0,16.0,15.0,0356,1,0
155,222,1,Aguascalientes,1,Aguascalientes,1,Aguascalientes,0356,6,20326.0,39,3.0,14.0,8.0,9.0,12.57,20.0,12.0,17.0,3.0,11.0,39.0,11,0.0,3.55,11.0,8.0,10.0,11.0,6.0,7.0,7.0,10.0,0356,1,3
156,223,1,Aguascalientes,1,Aguascalientes,1,Aguascalientes,0356,7,20326.0,21,0.0,14.0,0.0,3.0,12.22,14.0,7.0,10.0,5.0,6.0,21.0,8,0.0,3.5,6.0,5.0,5.0,6.0,3.0,3.0,4.0,4.0,0356,1,3
157,224,1,Aguascalientes,1,Aguascalientes,1,Aguascalientes,0356,8,20326.0,166,10.0,20.0,6.0,45.0,10.36,69.0,41.0,71.0,15.0,43.0,166.0,48,0.0,3.86,42.0,34.0,41.0,43.0,11.0,17.0,30.0,33.0,0356,1,1
158,225,1,Aguascalientes,1,Aguascalientes,1,Aguascalientes,0356,9,20326.0,85,6.0,7.0,3.0,15.0,9.7,38.0,28.0,36.0,9.0,20.0,85.0,21,0.0,4.25,20.0,19.0,20.0,19.0,10.0,12.0,15.0,11.0,0356,1,0
159,226,1,Aguascalientes,1,Aguascalientes,1,Aguascalientes,0356,10,20326.0,31,6.0,0.0,8.0,4.0,11.56,14.0,9.0,19.0,0.0,10.0,31.0,11,0.0,3.1,10.0,6.0,10.0,10.0,5.0,5.0,9.0,7.0,0356,1,3
160,227,1,Aguascalientes,1,Aguascalientes,1,Aguascalientes,0356,11,20326.0,101,7.0,10.0,5.0,23.0,10.12,44.0,42.0,37.0,4.0,25.0,101.0,30,0.0,4.04,25.0,20.0,24.0,24.0,8.0,10.0,18.0,15.0,0356,1,0
161,230,1,Aguascalientes,1,Aguascalientes,1,Aguascalientes,0356,18,20326.0,159,4.0,11.0,8.0,32.0,9.13,60.0,56.0,66.0,13.0,41.0,159.0,49,0.0,3.88,41.0,32.0,41.0,41.0,4.0,13.0,25.0,26.0,0356,1,1
162,234,1,Aguascalientes,1,Aguascalientes,1,Aguascalientes,0356,24,20326.0,44,6.0,5.0,4.0,15.0,10.03,18.0,19.0,8.0,6.0,12.0,44.0,15,0.0,3.67,12.0,11.0,12.0,12.0,5.0,7.0,9.0,9.0,0356,1,3
163,235,1,Aguascalientes,1,Aguascalientes,1,Aguascalientes,0356,25,20326.0,185,5.0,14.0,10.0,39.0,9.88,71.0,71.0,57.0,28.0,47.0,185.0,47,0.0,3.94,47.0,36.0,45.0,47.0,12.0,20.0,28.0,35.0,0356,1,1
164,240,1,Aguascalientes,1,Aguascalientes,1,Aguascalientes,0360,1,,53,6.0,3.0,4.0,8.0,10.38,22.0,21.0,20.0,8.0,18.0,53.0,20,0.0,2.94,18.0,16.0,18.0,18.0,6.0,7.0,8.0,10.0,0360,1,0
165,241,1,Aguascalientes,1,Aguascalientes,1,Aguascalientes,0360,2,,82,6.0,7.0,5.0,19.0,8.370000000000001,42.0,31.0,20.0,17.0,17.0,82.0,17,0.0,4.819999999999999,16.0,14.0,16.0,16.0,5.0,5.0,8.0,12.0,0360,1,0
166,242,1,Aguascalientes,1,Aguascalientes,1,Aguascalientes,0360,3,,92,6.0,10.0,4.0,17.0,11.56,41.0,31.0,40.0,8.0,26.0,92.0,31,0.0,3.54,26.0,20.0,24.0,26.0,12.0,15.0,18.0,17.0,0360,1,0
167,244,1,Aguascalientes,1,Aguascalientes,1,Aguascalientes,0360,5,,96,6.0,7.0,8.0,17.0,9.01,39.0,21.0,39.0,18.0,30.0,93.0,42,0.0,3.1,30.0,19.0,24.0,30.0,3.0,6.0,11.0,19.0,0360,1,0
168,245,1,Aguascalientes,1,Aguascalientes,1,Aguascalientes,0360,6,,77,6.0,9.0,3.0,15.0,9.31,29.0,28.0,30.0,7.0,19.0,77.0,25,0.0,4.05,19.0,12.0,17.0,19.0,4.0,5.0,9.0,9.0,0360,1,0
169,247,1,Aguascalientes,1,Aguascalientes,1,Aguascalientes,0360,8,,107,3.0,12.0,4.0,27.0,8.56,47.0,32.0,34.0,15.0,28.0,104.0,31,0.0,3.71,28.0,19.0,26.0,28.0,8.0,10.0,12.0,18.0,0360,1,0
170,248,1,Aguascalientes,1,Aguascalientes,1,Aguascalientes,0360,9,,110,7.0,10.0,8.0,23.0,8.629999999999999,45.0,41.0,33.0,15.0,30.0,110.0,35,0.0,3.67,30.0,25.0,28.0,30.0,9.0,12.0,14.0,23.0,0360,1,2
171,249,1,Aguascalientes,1,Aguascalientes,1,Aguascalientes,0360,10,,92,5.0,15.0,3.0,28.0,8.28,38.0,24.0,26.0,17.0,25.0,92.0,31,0.0,3.68,24.0,17.0,23.0,25.0,4.0,8.0,11.0,14.0,0360,1,0
172,250,1,Aguascalientes,1,Aguascalientes,1,Aguascalientes,0360,11,,79,4.0,8.0,6.0,20.0,7.64,27.0,29.0,31.0,5.0,16.0,79.0,18,0.0,4.94,16.0,12.0,13.0,16.0,0.0,14.0,6.0,8.0,0360,1,3
173,251,1,Aguascalientes,1,Aguascalientes,1,Aguascalientes,0360,12,,118,4.0,11.0,3.0,21.0,9.739999999999998,51.0,39.0,47.0,14.0,27.0,118.0,32,0.0,4.37,27.0,24.0,26.0,27.0,7.0,10.0,14.0,19.0,0360,1,0
174,252,1,Aguascalientes,1,Aguascalientes,1,Aguascalientes,0360,13,,66,3.0,4.0,7.0,16.0,8.89,26.0,23.0,22.0,9.0,21.0,63.0,27,0.0,3.0,21.0,13.0,20.0,21.0,15.0,7.0,6.0,14.0,0360,1,0
175,253,1,Aguascalientes,1,Aguascalientes,1,Aguascalientes,0360,14,,92,6.0,8.0,4.0,16.0,9.1,43.0,36.0,27.0,14.0,25.0,89.0,29,0.0,3.56,25.0,22.0,25.0,25.0,6.0,9.0,12.0,15.0,0360,1,0
176,254,1,Aguascalientes,1,Aguascalientes,1,Aguascalientes,0360,15,,105,6.0,5.0,5.0,19.0,9.68,42.0,36.0,41.0,13.0,33.0,105.0,37,0.0,3.18,33.0,27.0,29.0,33.0,8.0,12.0,18.0,18.0,0360,1,2
177,256,1,Aguascalientes,1,Aguascalientes,1,Aguascalientes,0360,17,,153,6.0,12.0,6.0,29.0,8.209999999999999,78.0,50.0,60.0,20.0,44.0,153.0,44,0.0,3.48,43.0,29.0,34.0,42.0,10.0,13.0,19.0,27.0,0360,1,2
178,257,1,Aguascalientes,1,Aguascalientes,1,Aguascalientes,0360,18,,133,7.0,13.0,3.0,28.0,9.57,56.0,45.0,50.0,10.0,34.0,130.0,40,0.0,3.82,33.0,32.0,34.0,34.0,8.0,11.0,20.0,23.0,0360,1,2
179,258,1,Aguascalientes,1,Aguascalientes,1,Aguascalientes,0360,19,,114,5.0,9.0,6.0,22.0,7.78,50.0,46.0,34.0,16.0,30.0,114.0,34,0.0,3.8,30.0,26.0,30.0,30.0,4.0,7.0,9.0,15.0,0360,1,2
180,260,1,Aguascalientes,1,Aguascalientes,1,Aguascalientes,0360,21,,115,3.0,9.0,10.0,23.0,7.85,50.0,44.0,42.0,13.0,32.0,112.0,39,0.0,3.5,32.0,21.0,26.0,32.0,4.0,6.0,8.0,20.0,0360,1,0
181,267,1,Aguascalientes,1,Aguascalientes,1,Aguascalientes,0375,5,,81,6.0,12.0,8.0,25.0,9.89,31.0,24.0,35.0,5.0,22.0,81.0,25,0.0,3.68,22.0,20.0,22.0,21.0,8.0,12.0,13.0,13.0,0375,1,0
182,271,1,Aguascalientes,1,Aguascalientes,1,Aguascalientes,0375,10,,40,6.0,7.0,4.0,13.0,8.67,21.0,13.0,14.0,4.0,13.0,40.0,16,0.0,3.08,13.0,7.0,10.0,13.0,3.0,3.0,4.0,7.0,0375,1,3
183,272,1,Aguascalientes,1,Aguascalientes,1,Aguascalientes,0375,11,,63,4.0,4.0,8.0,12.0,9.6,32.0,22.0,21.0,9.0,16.0,63.0,24,0.0,3.94,16.0,13.0,15.0,16.0,3.0,5.0,8.0,11.0,0375,1,3
184,273,1,Aguascalientes,1,Aguascalientes,1,Aguascalientes,0375,12,,94,8.0,10.0,4.0,27.0,10.07,45.0,29.0,28.0,14.0,28.0,94.0,40,0.0,3.36,27.0,21.0,22.0,28.0,5.0,9.0,14.0,19.0,0375,1,0
185,274,1,Aguascalientes,1,Aguascalientes,1,Aguascalientes,0375,13,,76,6.0,4.0,7.0,13.0,10.0,35.0,32.0,23.0,15.0,22.0,76.0,24,0.0,3.45,22.0,17.0,22.0,22.0,7.0,13.0,15.0,16.0,0375,1,0
186,277,1,Aguascalientes,1,Aguascalientes,1,Aguascalientes,0375,17,,140,4.0,15.0,4.0,29.0,10.92,61.0,50.0,42.0,20.0,37.0,137.0,46,0.0,3.7,37.0,33.0,36.0,37.0,11.0,17.0,25.0,32.0,0375,1,2
187,278,1,Aguascalientes,1,Aguascalientes,1,Aguascalientes,0375,18,,89,6.0,9.0,3.0,18.0,10.239999999999998,47.0,25.0,37.0,12.0,25.0,89.0,27,0.0,3.56,25.0,21.0,25.0,25.0,9.0,12.0,15.0,24.0,0375,1,0
188,279,1,Aguascalientes,1,Aguascalientes,1,Aguascalientes,0375,19,,123,7.0,14.0,4.0,30.0,8.8,55.0,41.0,43.0,13.0,34.0,123.0,35,0.0,3.62,32.0,23.0,31.0,34.0,10.0,13.0,17.0,23.0,0375,1,2
189,282,1,Aguascalientes,1,Aguascalientes,1,Aguascalientes,0375,24,,113,8.0,10.0,7.0,28.0,8.92,50.0,34.0,38.0,20.0,33.0,113.0,48,0.0,3.42,33.0,25.0,32.0,30.0,10.0,13.0,14.0,20.0,0375,1,2
190,284,1,Aguascalientes,1,Aguascalientes,1,Aguascalientes,038A,1,,159,10.0,23.0,7.0,45.0,9.56,62.0,45.0,56.0,17.0,35.0,156.0,42,0.0,4.46,35.0,31.0,34.0,34.0,9.0,14.0,16.0,20.0,038A,1,2
191,285,1,Aguascalientes,1,Aguascalientes,1,Aguascalientes,038A,2,,120,4.0,14.0,4.0,26.0,8.639999999999999,48.0,42.0,38.0,18.0,35.0,120.0,42,0.0,3.43,34.0,24.0,33.0,35.0,9.0,10.0,19.0,18.0,038A,1,2
192,286,1,Aguascalientes,1,Aguascalientes,1,Aguascalientes,038A,3,,91,6.0,11.0,3.0,18.0,7.9,28.0,38.0,27.0,11.0,21.0,91.0,36,0.0,4.33,21.0,18.0,21.0,21.0,7.0,10.0,10.0,13.0,038A,1,0
193,290,1,Aguascalientes,1,Aguascalientes,1,Aguascalientes,038A,7,,131,6.0,7.0,6.0,25.0,9.31,59.0,51.0,41.0,16.0,38.0,131.0,50,0.0,3.45,38.0,33.0,35.0,37.0,7.0,15.0,19.0,24.0,038A,1,2
194,291,1,Aguascalientes,1,Aguascalientes,1,Aguascalientes,038A,8,,65,6.0,5.0,3.0,12.0,9.04,20.0,21.0,22.0,13.0,19.0,65.0,27,0.0,3.42,19.0,16.0,18.0,19.0,6.0,5.0,8.0,10.0,038A,1,0
195,292,1,Aguascalientes,1,Aguascalientes,1,Aguascalientes,038A,9,,156,7.0,19.0,8.0,46.0,8.850000000000003,70.0,46.0,61.0,11.0,44.0,156.0,49,0.0,3.55,44.0,33.0,42.0,44.0,6.0,16.0,21.0,39.0,038A,1,1
196,293,1,Aguascalientes,1,Aguascalientes,1,Aguascalientes,038A,10,,41,0.0,4.0,0.0,6.0,10.71,16.0,11.0,20.0,3.0,11.0,41.0,15,0.0,3.73,11.0,10.0,10.0,11.0,4.0,6.0,8.0,10.0,038A,1,3
197,294,1,Aguascalientes,1,Aguascalientes,1,Aguascalientes,038A,11,,69,6.0,11.0,3.0,21.0,9.58,20.0,20.0,22.0,6.0,17.0,66.0,20,0.0,3.88,17.0,15.0,17.0,17.0,4.0,10.0,11.0,11.0,038A,1,0
198,295,1,Aguascalientes,1,Aguascalientes,1,Aguascalientes,038A,12,,77,4.0,8.0,8.0,16.0,8.54,31.0,25.0,25.0,9.0,18.0,74.0,25,0.0,4.109999999999999,18.0,16.0,18.0,18.0,3.0,4.0,6.0,12.0,038A,1,0
199,296,1,Aguascalientes,1,Aguascalientes,1,Aguascalientes,038A,13,,94,4.0,7.0,4.0,18.0,9.34,41.0,31.0,39.0,10.0,22.0,94.0,29,0.0,4.2700000000000005,22.0,16.0,21.0,22.0,4.0,8.0,12.0,15.0,038A,1,0
200,298,1,Aguascalientes,1,Aguascalientes,1,Aguascalientes,038A,15,,236,5.0,24.0,13.0,49.0,9.85,105.0,95.0,84.0,21.0,63.0,236.0,76,0.0,3.75,63.0,57.0,63.0,62.0,22.0,28.0,41.0,51.0,038A,1,1
201,299,1,Aguascalientes,1,Aguascalientes,1,Aguascalientes,038A,16,,111,7.0,10.0,7.0,29.0,7.25,37.0,33.0,46.0,7.0,28.0,108.0,31,0.0,3.86,28.0,22.0,26.0,28.0,3.0,6.0,11.0,17.0,038A,1,0
202,300,1,Aguascalientes,1,Aguascalientes,1,Aguascalientes,038A,17,,112,3.0,12.0,11.0,30.0,10.68,45.0,38.0,45.0,7.0,30.0,109.0,34,0.0,3.63,30.0,26.0,30.0,30.0,16.0,20.0,24.0,21.0,038A,1,2
203,301,1,Aguascalientes,1,Aguascalientes,1,Aguascalientes,038A,18,,189,6.0,24.0,4.0,44.0,7.619999999999999,62.0,48.0,68.0,24.0,49.0,180.0,58,0.0,3.67,49.0,42.0,46.0,49.0,7.0,13.0,25.0,38.0,038A,1,1
204,302,1,Aguascalientes,1,Aguascalientes,1,Aguascalientes,038A,19,,75,4.0,4.0,5.0,17.0,12.79,27.0,27.0,30.0,3.0,21.0,72.0,28,0.0,3.43,21.0,18.0,19.0,21.0,10.0,14.0,16.0,18.0,038A,1,0
205,303,1,Aguascalientes,1,Aguascalientes,1,Aguascalientes,038A,20,,50,0.0,3.0,3.0,10.0,9.85,20.0,12.0,20.0,5.0,9.0,44.0,11,0.0,4.89,9.0,9.0,9.0,9.0,6.0,7.0,7.0,8.0,038A,1,3
206,304,1,Aguascalientes,1,Aguascalientes,1,Aguascalientes,038A,21,,226,10.0,17.0,6.0,36.0,8.69,102.0,84.0,85.0,27.0,65.0,226.0,70,0.0,3.48,65.0,49.0,62.0,65.0,16.0,21.0,34.0,39.0,038A,1,1
207,305,1,Aguascalientes,1,Aguascalientes,1,Aguascalientes,038A,22,,104,3.0,5.0,8.0,12.0,8.99,47.0,46.0,28.0,17.0,33.0,101.0,41,0.0,3.06,33.0,25.0,31.0,33.0,7.0,9.0,14.0,24.0,038A,1,2
208,306,1,Aguascalientes,1,Aguascalientes,1,Aguascalientes,038A,23,,142,9.0,25.0,6.0,44.0,8.870000000000003,59.0,33.0,57.0,14.0,37.0,142.0,37,0.0,3.84,36.0,29.0,35.0,35.0,6.0,13.0,19.0,24.0,038A,1,2
209,307,1,Aguascalientes,1,Aguascalientes,1,Aguascalientes,038A,24,,221,10.0,27.0,14.0,61.0,8.31,87.0,69.0,76.0,29.0,51.0,221.0,56,0.0,4.33,51.0,36.0,47.0,51.0,9.0,13.0,21.0,32.0,038A,1,1
210,308,1,Aguascalientes,1,Aguascalientes,1,Aguascalientes,038A,25,,158,11.0,20.0,4.0,42.0,8.77,66.0,41.0,62.0,14.0,36.0,155.0,38,0.0,4.31,36.0,31.0,36.0,36.0,6.0,11.0,18.0,25.0,038A,1,2
211,309,1,Aguascalientes,1,Aguascalientes,1,Aguascalientes,038A,26,,101,5.0,12.0,10.0,29.0,8.39,35.0,41.0,30.0,8.0,20.0,98.0,24,0.0,4.9,20.0,18.0,18.0,20.0,6.0,9.0,12.0,12.0,038A,1,0
212,310,1,Aguascalientes,1,Aguascalientes,1,Aguascalientes,038A,27,,75,5.0,6.0,3.0,18.0,7.96,37.0,26.0,24.0,10.0,19.0,75.0,19,0.0,3.95,18.0,14.0,19.0,19.0,3.0,6.0,10.0,13.0,038A,1,0
213,311,1,Aguascalientes,1,Aguascalientes,1,Aguascalientes,038A,28,,54,7.0,6.0,3.0,18.0,7.9700000000000015,17.0,19.0,11.0,6.0,11.0,51.0,12,0.0,4.64,10.0,9.0,11.0,11.0,0.0,14.0,4.0,8.0,038A,1,3
214,312,1,Aguascalientes,1,Aguascalientes,1,Aguascalientes,038A,29,,88,3.0,15.0,8.0,23.0,8.46,37.0,32.0,28.0,6.0,16.0,88.0,20,0.0,5.5,14.0,13.0,15.0,16.0,3.0,3.0,9.0,10.0,038A,1,3
215,313,1,Aguascalientes,1,Aguascalientes,1,Aguascalientes,038A,30,,119,5.0,13.0,6.0,27.0,10.51,51.0,38.0,45.0,10.0,26.0,116.0,31,0.0,4.46,26.0,23.0,26.0,26.0,14.0,15.0,20.0,22.0,038A,1,2
216,314,1,Aguascalientes,1,Aguascalientes,1,Aguascalientes,038A,31,,105,5.0,12.0,7.0,27.0,8.129999999999999,36.0,36.0,37.0,9.0,27.0,102.0,37,0.0,3.78,27.0,22.0,26.0,27.0,4.0,9.0,12.0,19.0,038A,1,0
217,315,1,Aguascalientes,1,Aguascalientes,1,Aguascalientes,038A,32,,192,7.0,22.0,11.0,50.0,7.5,70.0,65.0,65.0,23.0,48.0,192.0,59,0.0,4.0,48.0,38.0,46.0,48.0,10.0,13.0,21.0,24.0,038A,1,1
218,316,1,Aguascalientes,1,Aguascalientes,1,Aguascalientes,0407,1,20315.0,73,6.0,14.0,0.0,5.0,13.27,39.0,31.0,34.0,3.0,20.0,73.0,22,0.0,3.65,20.0,18.0,20.0,20.0,12.0,14.0,17.0,17.0,0407,1,0
219,319,1,Aguascalientes,1,Aguascalientes,1,Aguascalientes,0407,4,20315.0,80,5.0,13.0,4.0,28.0,15.0,32.0,13.0,31.0,3.0,20.0,71.0,28,0.0,3.55,20.0,19.0,20.0,20.0,17.0,19.0,20.0,20.0,0407,1,0
220,321,1,Aguascalientes,1,Aguascalientes,1,Aguascalientes,0407,6,20315.0,71,6.0,4.0,8.0,10.0,12.13,33.0,18.0,39.0,6.0,24.0,71.0,29,0.0,2.96,24.0,20.0,21.0,24.0,15.0,16.0,21.0,22.0,0407,1,0
221,323,1,Aguascalientes,1,Aguascalientes,1,Aguascalientes,0407,10,20315.0,69,4.0,4.0,5.0,16.0,12.04,29.0,30.0,19.0,6.0,17.0,66.0,19,0.0,3.88,15.0,16.0,16.0,17.0,12.0,14.0,16.0,14.0,0407,1,0
222,325,1,Aguascalientes,1,Aguascalientes,1,Aguascalientes,0407,12,20315.0,60,3.0,4.0,8.0,11.0,12.88,30.0,23.0,17.0,8.0,18.0,57.0,21,0.0,3.17,18.0,16.0,18.0,18.0,9.0,13.0,12.0,16.0,0407,1,0
223,327,1,Aguascalientes,1,Aguascalientes,1,Aguascalientes,0407,15,20315.0,18,0.0,14.0,0.0,3.0,12.47,9.0,8.0,6.0,5.0,6.0,18.0,7,0.0,3.0,6.0,5.0,5.0,6.0,5.0,6.0,4.0,6.0,0407,1,3
224,329,1,Aguascalientes,1,Aguascalientes,1,Aguascalientes,0411,2,20320.0,95,5.0,6.0,3.0,21.0,8.7,35.0,31.0,41.0,5.0,24.0,95.0,29,0.0,3.96,24.0,16.0,18.0,24.0,4.0,4.0,7.0,17.0,0411,1,0
225,330,1,Aguascalientes,1,Aguascalientes,1,Aguascalientes,0411,3,20320.0,104,6.0,14.0,6.0,31.0,7.92,46.0,32.0,38.0,9.0,24.0,104.0,28,0.0,4.33,23.0,22.0,23.0,23.0,4.0,6.0,9.0,19.0,0411,1,0
226,331,1,Aguascalientes,1,Aguascalientes,1,Aguascalientes,0411,4,20320.0,64,4.0,7.0,3.0,15.0,7.45,30.0,18.0,30.0,4.0,19.0,64.0,20,0.0,3.37,19.0,11.0,11.0,18.0,15.0,4.0,7.0,10.0,0411,1,3
227,332,1,Aguascalientes,1,Aguascalientes,1,Aguascalientes,0411,9,20320.0,31,0.0,4.0,8.0,7.0,6.33,13.0,7.0,15.0,3.0,9.0,31.0,10,0.0,3.44,9.0,8.0,9.0,9.0,0.0,14.0,5.0,6.0,0411,1,3
228,333,1,Aguascalientes,1,Aguascalientes,1,Aguascalientes,0411,10,20320.0,100,4.0,8.0,10.0,24.0,8.51,40.0,39.0,38.0,9.0,24.0,100.0,29,0.0,4.17,24.0,18.0,24.0,24.0,6.0,11.0,13.0,19.0,0411,1,0
229,334,1,Aguascalientes,1,Aguascalientes,1,Aguascalientes,0411,13,20320.0,53,3.0,4.0,4.0,12.0,8.78,29.0,19.0,20.0,6.0,14.0,53.0,21,0.0,3.79,14.0,10.0,13.0,14.0,3.0,7.0,7.0,10.0,0411,1,3
230,336,1,Aguascalientes,1,Aguascalientes,1,Aguascalientes,0411,16,20320.0,320,22.0,36.0,15.0,93.0,7.64,142.0,89.0,127.0,26.0,85.0,320.0,89,0.0,3.76,81.0,50.0,70.0,83.0,9.0,14.0,32.0,60.0,0411,1,4
231,337,1,Aguascalientes,1,Aguascalientes,1,Aguascalientes,0411,17,20320.0,58,4.0,9.0,8.0,17.0,6.54,25.0,10.0,27.0,5.0,15.0,58.0,17,0.0,3.87,15.0,12.0,14.0,15.0,15.0,3.0,9.0,11.0,0411,1,3
232,339,1,Aguascalientes,1,Aguascalientes,1,Aguascalientes,0426,1,,141,13.0,21.0,8.0,49.0,8.01,51.0,30.0,60.0,10.0,33.0,141.0,33,0.0,4.2700000000000005,31.0,25.0,26.0,33.0,3.0,9.0,17.0,25.0,0426,1,0
233,340,1,Aguascalientes,1,Aguascalientes,1,Aguascalientes,0426,2,,114,10.0,18.0,4.0,43.0,7.75,36.0,23.0,37.0,15.0,32.0,114.0,44,0.0,3.56,31.0,15.0,26.0,32.0,15.0,3.0,13.0,24.0,0426,1,2
234,341,1,Aguascalientes,1,Aguascalientes,1,Aguascalientes,0426,3,,140,9.0,18.0,7.0,40.0,9.17,63.0,45.0,51.0,11.0,31.0,140.0,37,0.0,4.52,31.0,22.0,29.0,31.0,10.0,12.0,18.0,24.0,0426,1,2
235,342,1,Aguascalientes,1,Aguascalientes,1,Aguascalientes,0426,4,,141,8.0,28.0,8.0,49.0,7.42,42.0,32.0,53.0,15.0,29.0,141.0,32,0.0,4.859999999999999,29.0,22.0,28.0,29.0,15.0,11.0,13.0,19.0,0426,1,2
236,343,1,Aguascalientes,1,Aguascalientes,1,Aguascalientes,0426,5,,60,0.0,8.0,4.0,15.0,9.18,29.0,23.0,14.0,12.0,13.0,60.0,13,0.0,4.619999999999999,13.0,10.0,12.0,13.0,3.0,5.0,7.0,7.0,0426,1,3
237,344,1,Aguascalientes,1,Aguascalientes,1,Aguascalientes,0426,6,,61,4.0,6.0,8.0,14.0,7.23,31.0,19.0,22.0,7.0,16.0,61.0,18,0.0,3.81,16.0,10.0,14.0,15.0,4.0,4.0,4.0,11.0,0426,1,3
238,345,1,Aguascalientes,1,Aguascalientes,1,Aguascalientes,0426,7,,118,4.0,9.0,7.0,31.0,7.26,55.0,41.0,40.0,13.0,32.0,118.0,38,0.0,3.69,31.0,24.0,22.0,32.0,5.0,6.0,9.0,21.0,0426,1,0
239,346,1,Aguascalientes,1,Aguascalientes,1,Aguascalientes,0426,8,,145,14.0,14.0,5.0,43.0,7.01,61.0,44.0,46.0,17.0,35.0,145.0,38,0.0,4.14,34.0,19.0,25.0,35.0,15.0,4.0,11.0,22.0,0426,1,0
240,347,1,Aguascalientes,1,Aguascalientes,1,Aguascalientes,0426,9,,144,3.0,20.0,15.0,43.0,8.67,61.0,47.0,60.0,9.0,34.0,144.0,45,0.0,4.24,34.0,23.0,30.0,34.0,8.0,12.0,14.0,27.0,0426,1,2
241,348,1,Aguascalientes,1,Aguascalientes,1,Aguascalientes,0426,10,,160,12.0,16.0,7.0,42.0,7.74,59.0,47.0,67.0,11.0,31.0,160.0,37,0.0,5.159999999999998,31.0,24.0,28.0,31.0,4.0,7.0,14.0,21.0,0426,1,2
242,350,1,Aguascalientes,1,Aguascalientes,1,Aguascalientes,0426,12,,119,7.0,15.0,4.0,30.0,9.37,61.0,34.0,50.0,9.0,26.0,119.0,31,0.0,4.58,26.0,23.0,24.0,26.0,4.0,7.0,12.0,18.0,0426,1,0
243,352,1,Aguascalientes,1,Aguascalientes,1,Aguascalientes,0426,14,,42,0.0,9.0,3.0,12.0,6.9300000000000015,22.0,13.0,16.0,4.0,10.0,42.0,11,0.0,4.2,10.0,8.0,9.0,10.0,15.0,3.0,4.0,6.0,0426,1,3
244,353,1,Aguascalientes,1,Aguascalientes,1,Aguascalientes,0426,16,,174,11.0,22.0,13.0,58.0,7.95,66.0,50.0,61.0,18.0,43.0,174.0,43,0.0,4.05,43.0,29.0,33.0,43.0,3.0,9.0,10.0,31.0,0426,1,2
245,354,1,Aguascalientes,1,Aguascalientes,1,Aguascalientes,0426,17,,171,9.0,21.0,10.0,49.0,8.47,77.0,49.0,69.0,14.0,43.0,171.0,43,0.0,3.98,43.0,32.0,32.0,43.0,6.0,9.0,20.0,29.0,0426,1,2
246,355,1,Aguascalientes,1,Aguascalientes,1,Aguascalientes,0426,18,,66,4.0,3.0,5.0,18.0,8.53,26.0,19.0,28.0,6.0,21.0,66.0,24,0.0,3.14,21.0,13.0,17.0,21.0,5.0,7.0,8.0,14.0,0426,1,0
247,356,1,Aguascalientes,1,Aguascalientes,1,Aguascalientes,0426,19,,149,6.0,18.0,8.0,44.0,7.29,61.0,35.0,63.0,15.0,30.0,149.0,32,0.0,4.9700000000000015,28.0,27.0,28.0,30.0,6.0,6.0,14.0,18.0,0426,1,2
248,357,1,Aguascalientes,1,Aguascalientes,1,Aguascalientes,0426,20,,75,6.0,7.0,7.0,22.0,9.21,34.0,26.0,27.0,7.0,19.0,75.0,22,0.0,3.95,19.0,17.0,19.0,19.0,5.0,7.0,8.0,12.0,0426,1,0
249,361,1,Aguascalientes,1,Aguascalientes,1,Aguascalientes,0426,26,,124,4.0,14.0,10.0,33.0,7.6099999999999985,52.0,47.0,41.0,11.0,37.0,124.0,43,0.0,3.35,37.0,21.0,29.0,37.0,15.0,3.0,9.0,21.0,0426,1,2
250,362,1,Aguascalientes,1,Aguascalientes,1,Aguascalientes,0426,29,,60,0.0,7.0,3.0,14.0,8.129999999999999,30.0,26.0,19.0,4.0,14.0,60.0,17,0.0,4.29,14.0,13.0,12.0,14.0,3.0,14.0,5.0,12.0,0426,1,3
251,363,1,Aguascalientes,1,Aguascalientes,1,Aguascalientes,0430,1,,81,6.0,7.0,3.0,17.0,7.35,40.0,30.0,26.0,11.0,19.0,81.0,21,0.0,4.26,19.0,15.0,18.0,19.0,4.0,6.0,6.0,14.0,0430,1,0
252,364,1,Aguascalientes,1,Aguascalientes,1,Aguascalientes,0430,2,,148,6.0,19.0,11.0,37.0,9.58,68.0,59.0,44.0,19.0,38.0,148.0,41,0.0,3.89,38.0,26.0,36.0,37.0,14.0,18.0,18.0,29.0,0430,1,2
253,365,1,Aguascalientes,1,Aguascalientes,1,Aguascalientes,0430,3,,139,11.0,12.0,8.0,32.0,7.4,61.0,30.0,68.0,10.0,41.0,139.0,47,0.0,3.39,41.0,23.0,29.0,41.0,4.0,7.0,12.0,26.0,0430,1,2
254,366,1,Aguascalientes,1,Aguascalientes,1,Aguascalientes,0430,4,,127,3.0,14.0,9.0,33.0,7.9,57.0,42.0,48.0,13.0,31.0,127.0,41,0.0,4.1,31.0,23.0,29.0,31.0,6.0,9.0,13.0,23.0,0430,1,2
255,368,1,Aguascalientes,1,Aguascalientes,1,Aguascalientes,0430,6,,142,8.0,22.0,7.0,44.0,8.09,64.0,41.0,53.0,11.0,31.0,142.0,31,0.0,4.58,31.0,19.0,29.0,31.0,5.0,9.0,15.0,25.0,0430,1,2
256,369,1,Aguascalientes,1,Aguascalientes,1,Aguascalientes,0430,7,,68,4.0,12.0,8.0,19.0,7.74,27.0,18.0,18.0,13.0,17.0,68.0,21,0.0,4.0,17.0,15.0,15.0,17.0,3.0,5.0,8.0,10.0,0430,1,3
257,370,1,Aguascalientes,1,Aguascalientes,1,Aguascalientes,0430,8,,76,8.0,10.0,8.0,20.0,9.14,28.0,19.0,32.0,6.0,22.0,76.0,22,0.0,3.45,22.0,21.0,22.0,22.0,3.0,5.0,13.0,18.0,0430,1,0
258,372,1,Aguascalientes,1,Aguascalientes,1,Aguascalientes,0430,10,,105,7.0,10.0,4.0,24.0,8.56,59.0,32.0,45.0,8.0,31.0,105.0,33,0.0,3.39,30.0,22.0,27.0,31.0,7.0,9.0,13.0,22.0,0430,1,2
259,373,1,Aguascalientes,1,Aguascalientes,1,Aguascalientes,0430,11,,87,5.0,4.0,4.0,17.0,9.64,44.0,33.0,34.0,7.0,24.0,87.0,31,0.0,3.63,24.0,18.0,21.0,24.0,6.0,9.0,15.0,18.0,0430,1,0
260,374,1,Aguascalientes,1,Aguascalientes,1,Aguascalientes,0430,12,,115,7.0,21.0,8.0,35.0,8.97,48.0,22.0,49.0,11.0,29.0,115.0,35,0.0,3.97,29.0,23.0,27.0,29.0,4.0,7.0,18.0,21.0,0430,1,2
261,375,1,Aguascalientes,1,Aguascalientes,1,Aguascalientes,0430,13,,77,6.0,6.0,5.0,13.0,8.41,39.0,32.0,27.0,8.0,27.0,77.0,32,0.0,2.85,27.0,15.0,23.0,27.0,5.0,9.0,5.0,15.0,0430,1,0
262,376,1,Aguascalientes,1,Aguascalientes,1,Aguascalientes,0430,14,,108,6.0,7.0,7.0,17.0,8.77,52.0,41.0,44.0,12.0,30.0,108.0,35,0.0,3.6,30.0,21.0,28.0,30.0,8.0,10.0,16.0,20.0,0430,1,2
263,378,1,Aguascalientes,1,Aguascalientes,1,Aguascalientes,0430,16,,92,4.0,14.0,7.0,29.0,7.8199999999999985,38.0,27.0,38.0,5.0,24.0,92.0,25,0.0,3.83,24.0,19.0,22.0,24.0,4.0,6.0,15.0,18.0,0430,1,0
264,379,1,Aguascalientes,1,Aguascalientes,1,Aguascalientes,0430,17,,103,4.0,13.0,6.0,26.0,7.34,49.0,34.0,33.0,13.0,23.0,100.0,31,0.0,4.35,23.0,19.0,23.0,23.0,4.0,9.0,13.0,18.0,0430,1,0
265,380,1,Aguascalientes,1,Aguascalientes,1,Aguascalientes,0430,18,,119,9.0,13.0,5.0,33.0,7.26,51.0,38.0,36.0,17.0,29.0,119.0,32,0.0,4.1,29.0,21.0,25.0,29.0,3.0,6.0,15.0,20.0,0430,1,0
266,382,1,Aguascalientes,1,Aguascalientes,1,Aguascalientes,0430,21,,102,6.0,15.0,6.0,33.0,8.32,39.0,24.0,40.0,11.0,27.0,102.0,35,0.0,3.78,27.0,16.0,23.0,27.0,5.0,9.0,13.0,21.0,0430,1,0
267,383,1,Aguascalientes,1,Aguascalientes,1,Aguascalientes,0430,22,,63,4.0,8.0,8.0,15.0,6.98,29.0,23.0,19.0,8.0,15.0,63.0,22,0.0,4.2,15.0,11.0,14.0,15.0,0.0,0.0,6.0,8.0,0430,1,3
268,384,1,Aguascalientes,1,Aguascalientes,1,Aguascalientes,0430,24,,67,5.0,10.0,5.0,24.0,9.26,23.0,21.0,16.0,10.0,20.0,67.0,23,0.0,3.35,20.0,11.0,16.0,20.0,15.0,7.0,11.0,11.0,0430,1,0
269,386,1,Aguascalientes,1,Aguascalientes,1,Aguascalientes,0445,2,,102,4.0,13.0,10.0,30.0,7.34,43.0,38.0,35.0,9.0,23.0,102.0,28,0.0,4.4300000000000015,23.0,17.0,22.0,23.0,6.0,10.0,12.0,16.0,0445,1,0
270,389,1,Aguascalientes,1,Aguascalientes,1,Aguascalientes,0445,5,,63,7.0,3.0,8.0,18.0,8.47,29.0,21.0,31.0,5.0,17.0,63.0,19,0.0,3.71,16.0,13.0,17.0,17.0,3.0,5.0,5.0,15.0,0445,1,0
271,390,1,Aguascalientes,1,Aguascalientes,1,Aguascalientes,0445,6,,97,4.0,6.0,7.0,21.0,8.29,33.0,37.0,23.0,17.0,23.0,91.0,28,0.0,3.96,23.0,19.0,22.0,23.0,6.0,8.0,8.0,14.0,0445,1,0
272,391,1,Aguascalientes,1,Aguascalientes,1,Aguascalientes,0445,7,,64,3.0,8.0,0.0,14.0,6.6,21.0,16.0,26.0,8.0,18.0,64.0,21,0.0,3.56,18.0,11.0,17.0,18.0,4.0,5.0,9.0,9.0,0445,1,0
273,392,1,Aguascalientes,1,Aguascalientes,1,Aguascalientes,0445,8,,110,3.0,18.0,4.0,29.0,6.98,38.0,30.0,43.0,12.0,26.0,110.0,27,0.0,4.23,26.0,16.0,22.0,26.0,15.0,6.0,10.0,15.0,0445,1,0
274,393,1,Aguascalientes,1,Aguascalientes,1,Aguascalientes,0445,9,,109,4.0,5.0,4.0,16.0,8.54,52.0,52.0,38.0,7.0,28.0,109.0,28,0.0,3.89,28.0,23.0,27.0,28.0,8.0,11.0,14.0,18.0,0445,1,2
275,395,1,Aguascalientes,1,Aguascalientes,1,Aguascalientes,0445,11,,135,11.0,17.0,3.0,40.0,7.6,55.0,31.0,56.0,9.0,28.0,135.0,36,0.0,4.819999999999999,28.0,21.0,26.0,28.0,15.0,5.0,10.0,18.0,0445,1,2
276,396,1,Aguascalientes,1,Aguascalientes,1,Aguascalientes,0445,12,,129,7.0,15.0,3.0,31.0,7.49,56.0,42.0,42.0,17.0,35.0,129.0,43,0.0,3.69,34.0,17.0,26.0,34.0,5.0,6.0,10.0,22.0,0445,1,0
277,397,1,Aguascalientes,1,Aguascalientes,1,Aguascalientes,0445,13,,131,13.0,14.0,7.0,45.0,8.19,45.0,34.0,50.0,9.0,35.0,131.0,35,0.0,3.74,35.0,24.0,31.0,33.0,3.0,6.0,12.0,23.0,0445,1,2
278,398,1,Aguascalientes,1,Aguascalientes,1,Aguascalientes,0445,14,,81,6.0,12.0,4.0,18.0,7.21,32.0,26.0,30.0,11.0,24.0,81.0,30,0.0,3.38,24.0,18.0,22.0,23.0,5.0,6.0,10.0,15.0,0445,1,0
279,399,1,Aguascalientes,1,Aguascalientes,1,Aguascalientes,0445,15,,126,8.0,13.0,4.0,30.0,7.98,56.0,41.0,50.0,9.0,33.0,126.0,35,0.0,3.82,33.0,24.0,29.0,33.0,6.0,10.0,13.0,21.0,0445,1,2
280,400,1,Aguascalientes,1,Aguascalientes,1,Aguascalientes,0445,16,,63,3.0,9.0,8.0,21.0,6.6,27.0,17.0,28.0,5.0,17.0,63.0,19,0.0,3.71,17.0,11.0,13.0,17.0,0.0,0.0,6.0,9.0,0445,1,3
281,401,1,Aguascalientes,1,Aguascalientes,1,Aguascalientes,0445,17,,72,0.0,6.0,4.0,13.0,8.93,29.0,29.0,21.0,13.0,24.0,72.0,29,0.0,3.0,24.0,18.0,24.0,23.0,3.0,7.0,11.0,11.0,0445,1,0
282,402,1,Aguascalientes,1,Aguascalientes,1,Aguascalientes,0445,18,,125,4.0,6.0,6.0,22.0,8.360000000000001,59.0,51.0,45.0,13.0,30.0,125.0,31,0.0,4.17,29.0,24.0,28.0,30.0,4.0,6.0,10.0,15.0,0445,1,2
283,403,1,Aguascalientes,1,Aguascalientes,1,Aguascalientes,0445,19,,47,3.0,8.0,7.0,22.0,7.84,14.0,11.0,13.0,7.0,10.0,47.0,14,0.0,4.7,10.0,6.0,10.0,9.0,15.0,3.0,5.0,8.0,0445,1,3
284,404,1,Aguascalientes,1,Aguascalientes,1,Aguascalientes,0445,20,,98,6.0,11.0,4.0,24.0,6.91,41.0,37.0,32.0,9.0,20.0,98.0,21,0.0,4.9,19.0,17.0,18.0,19.0,15.0,4.0,6.0,11.0,0445,1,0
285,405,1,Aguascalientes,1,Aguascalientes,1,Aguascalientes,0445,21,,32,6.0,5.0,3.0,12.0,10.05,12.0,10.0,10.0,3.0,9.0,32.0,10,0.0,3.56,9.0,7.0,9.0,9.0,3.0,4.0,6.0,7.0,0445,1,3
286,407,1,Aguascalientes,1,Aguascalientes,1,Aguascalientes,0445,24,,119,6.0,17.0,7.0,36.0,7.58,45.0,28.0,53.0,9.0,27.0,119.0,29,0.0,4.41,27.0,23.0,26.0,27.0,3.0,7.0,17.0,19.0,0445,1,0
287,408,1,Aguascalientes,1,Aguascalientes,1,Aguascalientes,0445,25,,0,0.0,0.0,0.0,0.0,0.0,0.0,0.0,0.0,0.0,0.0,0.0,1,0.0,0.0,0.0,0.0,0.0,0.0,0.0,0.0,0.0,0.0,0445,1,3
288,410,1,Aguascalientes,1,Aguascalientes,1,Aguascalientes,045A,2,,95,9.0,9.0,4.0,27.0,7.68,38.0,31.0,35.0,6.0,17.0,95.0,22,0.0,5.59,17.0,12.0,11.0,17.0,5.0,7.0,10.0,16.0,045A,1,3
289,411,1,Aguascalientes,1,Aguascalientes,1,Aguascalientes,045A,3,,296,12.0,31.0,18.0,76.0,7.79,145.0,98.0,98.0,41.0,73.0,296.0,86,0.0,4.05,72.0,52.0,60.0,73.0,6.0,16.0,27.0,44.0,045A,1,1
290,412,1,Aguascalientes,1,Aguascalientes,1,Aguascalientes,045A,4,,222,11.0,25.0,7.0,59.0,8.06,95.0,55.0,91.0,24.0,59.0,222.0,74,0.0,3.76,59.0,45.0,54.0,59.0,10.0,13.0,24.0,37.0,045A,1,1
291,413,1,Aguascalientes,1,Aguascalientes,1,Aguascalientes,045A,5,,245,14.0,18.0,14.0,55.0,8.32,98.0,92.0,84.0,28.0,75.0,245.0,90,0.0,3.27,74.0,57.0,66.0,73.0,18.0,22.0,26.0,46.0,045A,1,4
292,414,1,Aguascalientes,1,Aguascalientes,1,Aguascalientes,045A,6,,50,3.0,4.0,3.0,12.0,9.17,22.0,15.0,19.0,7.0,13.0,50.0,15,0.0,3.85,13.0,10.0,11.0,13.0,3.0,7.0,10.0,11.0,045A,1,3
293,416,1,Aguascalientes,1,Aguascalientes,1,Aguascalientes,045A,8,,63,0.0,5.0,4.0,9.0,7.3,27.0,28.0,18.0,12.0,22.0,63.0,26,0.0,2.86,22.0,17.0,18.0,22.0,15.0,3.0,6.0,9.0,045A,1,0
294,417,1,Aguascalientes,1,Aguascalientes,1,Aguascalientes,045A,9,,88,6.0,6.0,13.0,27.0,7.48,36.0,41.0,25.0,8.0,19.0,88.0,22,0.0,4.63,19.0,17.0,18.0,18.0,4.0,5.0,10.0,9.0,045A,1,0
295,418,1,Aguascalientes,1,Aguascalientes,1,Aguascalientes,045A,10,,77,5.0,7.0,3.0,17.0,7.83,36.0,33.0,24.0,5.0,20.0,77.0,20,0.0,3.85,20.0,16.0,18.0,20.0,5.0,5.0,10.0,10.0,045A,1,0
296,420,1,Aguascalientes,1,Aguascalientes,1,Aguascalientes,045A,12,,293,12.0,27.0,12.0,67.0,7.649999999999999,129.0,102.0,106.0,29.0,62.0,293.0,67,0.0,4.73,62.0,49.0,51.0,62.0,9.0,13.0,21.0,37.0,045A,1,1
297,421,1,Aguascalientes,1,Aguascalientes,1,Aguascalientes,045A,13,,193,10.0,16.0,7.0,41.0,7.75,101.0,66.0,67.0,26.0,51.0,193.0,60,0.0,3.78,49.0,36.0,44.0,50.0,7.0,12.0,17.0,31.0,045A,1,1
298,422,1,Aguascalientes,1,Aguascalientes,1,Aguascalientes,045A,14,,39,3.0,5.0,3.0,11.0,8.57,20.0,17.0,10.0,4.0,14.0,39.0,14,0.0,2.79,14.0,8.0,13.0,14.0,3.0,5.0,6.0,12.0,045A,1,3
299,424,1,Aguascalientes,1,Aguascalientes,1,Aguascalientes,045A,16,,104,7.0,11.0,6.0,27.0,7.96,46.0,28.0,40.0,15.0,19.0,104.0,22,0.0,5.4700000000000015,19.0,17.0,18.0,17.0,6.0,6.0,8.0,13.0,045A,1,0
300,425,1,Aguascalientes,1,Aguascalientes,1,Aguascalientes,045A,17,,56,3.0,9.0,3.0,16.0,8.31,24.0,16.0,20.0,7.0,13.0,56.0,13,0.0,4.31,13.0,7.0,11.0,13.0,15.0,3.0,6.0,10.0,045A,1,3
301,426,1,Aguascalientes,1,Aguascalientes,1,Aguascalientes,045A,18,,66,6.0,13.0,5.0,24.0,8.31,26.0,15.0,28.0,4.0,16.0,66.0,20,0.0,4.13,16.0,12.0,14.0,16.0,3.0,4.0,7.0,11.0,045A,1,3
302,428,1,Aguascalientes,1,Aguascalientes,1,Aguascalientes,045A,20,,220,7.0,21.0,12.0,56.0,8.88,102.0,73.0,81.0,21.0,49.0,220.0,52,0.0,4.49,45.0,36.0,42.0,48.0,11.0,17.0,15.0,31.0,045A,1,1
303,429,1,Aguascalientes,1,Aguascalientes,1,Aguascalientes,045A,21,,177,7.0,17.0,5.0,34.0,9.29,93.0,64.0,65.0,19.0,41.0,177.0,47,0.0,4.319999999999999,39.0,33.0,38.0,41.0,14.0,15.0,23.0,29.0,045A,1,2
304,432,1,Aguascalientes,1,Aguascalientes,1,Aguascalientes,045A,24,,59,3.0,7.0,3.0,15.0,7.89,19.0,15.0,24.0,8.0,19.0,59.0,22,0.0,3.11,19.0,11.0,14.0,19.0,15.0,5.0,7.0,10.0,045A,1,3
305,435,1,Aguascalientes,1,Aguascalientes,1,Aguascalientes,045A,27,,91,3.0,3.0,4.0,15.0,7.87,43.0,40.0,32.0,8.0,23.0,91.0,24,0.0,3.96,23.0,17.0,22.0,23.0,3.0,5.0,10.0,13.0,045A,1,0
306,439,1,Aguascalientes,1,Aguascalientes,1,Aguascalientes,0464,2,20345.0,53,6.0,3.0,8.0,6.0,11.81,23.0,17.0,21.0,10.0,16.0,53.0,18,0.0,3.31,16.0,15.0,16.0,16.0,9.0,9.0,12.0,11.0,0464,1,0
307,440,1,Aguascalientes,1,Aguascalientes,1,Aguascalientes,0464,3,20345.0,58,3.0,5.0,3.0,14.0,11.89,24.0,14.0,24.0,9.0,19.0,58.0,23,0.0,3.05,19.0,14.0,19.0,19.0,12.0,14.0,17.0,16.0,0464,1,0
308,441,1,Aguascalientes,1,Aguascalientes,1,Aguascalientes,0464,4,20345.0,63,5.0,7.0,5.0,19.0,11.67,31.0,19.0,24.0,6.0,19.0,63.0,26,0.0,3.32,19.0,12.0,17.0,19.0,8.0,9.0,9.0,18.0,0464,1,0
309,444,1,Aguascalientes,1,Aguascalientes,1,Aguascalientes,0464,7,20345.0,51,0.0,14.0,8.0,3.0,12.1,26.0,23.0,22.0,4.0,16.0,51.0,22,0.0,3.19,16.0,14.0,16.0,16.0,8.0,9.0,13.0,11.0,0464,1,0
310,447,1,Aguascalientes,1,Aguascalientes,1,Aguascalientes,0464,11,20345.0,32,0.0,3.0,0.0,4.0,9.64,11.0,13.0,10.0,5.0,12.0,32.0,13,0.0,2.67,12.0,7.0,8.0,12.0,4.0,7.0,9.0,6.0,0464,1,3
311,450,1,Aguascalientes,1,Aguascalientes,1,Aguascalientes,0483,1,,518,19.0,44.0,23.0,116.0,8.54,255.0,156.0,197.0,68.0,139.0,515.0,159,0.0,3.71,139.0,109.0,127.0,139.0,19.0,37.0,62.0,104.0,0483,1,4
312,451,1,Aguascalientes,1,Aguascalientes,1,Aguascalientes,0483,2,,215,12.0,13.0,7.0,42.0,9.3,108.0,70.0,86.0,24.0,59.0,215.0,59,0.0,3.64,58.0,41.0,53.0,58.0,13.0,20.0,27.0,38.0,0483,1,1
313,452,1,Aguascalientes,1,Aguascalientes,1,Aguascalientes,0483,3,,231,11.0,25.0,18.0,59.0,9.54,106.0,91.0,77.0,22.0,66.0,231.0,75,0.0,3.5,65.0,54.0,60.0,66.0,17.0,22.0,26.0,49.0,0483,1,1
314,453,1,Aguascalientes,1,Aguascalientes,1,Aguascalientes,0483,4,,178,5.0,18.0,12.0,41.0,7.96,74.0,76.0,57.0,16.0,41.0,178.0,45,0.0,4.34,40.0,37.0,39.0,41.0,15.0,10.0,14.0,26.0,0483,1,1
315,454,1,Aguascalientes,1,Aguascalientes,1,Aguascalientes,0483,5,,251,16.0,18.0,9.0,55.0,9.38,117.0,95.0,89.0,20.0,71.0,250.0,78,0.0,3.52,71.0,42.0,54.0,71.0,13.0,21.0,27.0,48.0,0483,1,1
316,455,1,Aguascalientes,1,Aguascalientes,1,Aguascalientes,0483,7,,81,3.0,3.0,4.0,11.0,8.370000000000001,42.0,35.0,27.0,12.0,22.0,81.0,23,0.0,3.68,22.0,17.0,20.0,22.0,5.0,9.0,7.0,15.0,0483,1,0
317,456,1,Aguascalientes,1,Aguascalientes,1,Aguascalientes,0483,8,,101,5.0,10.0,6.0,25.0,8.16,43.0,37.0,29.0,16.0,30.0,101.0,35,0.0,3.37,30.0,17.0,27.0,29.0,5.0,6.0,12.0,19.0,0483,1,2
318,458,1,Aguascalientes,1,Aguascalientes,1,Aguascalientes,0483,11,,92,5.0,10.0,4.0,20.0,8.76,38.0,29.0,37.0,10.0,27.0,92.0,31,0.0,3.41,25.0,21.0,25.0,27.0,15.0,8.0,12.0,15.0,0483,1,0
319,459,1,Aguascalientes,1,Aguascalientes,1,Aguascalientes,0483,12,,79,8.0,8.0,4.0,24.0,10.13,32.0,31.0,26.0,5.0,16.0,79.0,19,0.0,4.94,16.0,15.0,15.0,16.0,3.0,6.0,12.0,9.0,0483,1,3
320,460,1,Aguascalientes,1,Aguascalientes,1,Aguascalientes,0483,13,,76,0.0,10.0,5.0,16.0,8.48,32.0,30.0,29.0,6.0,21.0,76.0,21,0.0,3.62,21.0,18.0,21.0,21.0,7.0,12.0,11.0,14.0,0483,1,0
321,461,1,Aguascalientes,1,Aguascalientes,1,Aguascalientes,0483,14,,238,16.0,25.0,17.0,62.0,8.61,106.0,75.0,91.0,27.0,53.0,238.0,56,0.0,4.49,53.0,46.0,51.0,53.0,11.0,19.0,32.0,39.0,0483,1,1
322,462,1,Aguascalientes,1,Aguascalientes,1,Aguascalientes,0483,15,,90,6.0,12.0,4.0,28.0,8.61,35.0,20.0,37.0,9.0,22.0,90.0,25,0.0,4.09,22.0,17.0,22.0,22.0,4.0,6.0,12.0,18.0,0483,1,0
323,463,1,Aguascalientes,1,Aguascalientes,1,Aguascalientes,0483,16,,224,21.0,19.0,8.0,58.0,7.98,103.0,63.0,78.0,33.0,61.0,224.0,72,0.0,3.67,61.0,46.0,54.0,61.0,5.0,15.0,22.0,45.0,0483,1,1
324,464,1,Aguascalientes,1,Aguascalientes,1,Aguascalientes,0483,17,,135,6.0,13.0,3.0,28.0,9.17,69.0,46.0,46.0,18.0,47.0,135.0,56,0.0,2.87,47.0,31.0,41.0,47.0,9.0,13.0,20.0,30.0,0483,1,1
325,465,1,Aguascalientes,1,Aguascalientes,1,Aguascalientes,0483,18,,153,6.0,17.0,7.0,38.0,9.96,51.0,54.0,48.0,20.0,44.0,153.0,52,0.0,3.48,44.0,35.0,42.0,44.0,10.0,15.0,19.0,29.0,0483,1,1
326,466,1,Aguascalientes,1,Aguascalientes,1,Aguascalientes,0483,19,,111,6.0,8.0,3.0,20.0,10.21,50.0,42.0,40.0,12.0,37.0,111.0,51,0.0,3.0,37.0,32.0,35.0,37.0,11.0,18.0,18.0,30.0,0483,1,2
327,467,1,Aguascalientes,1,Aguascalientes,1,Aguascalientes,0483,20,,165,4.0,14.0,3.0,27.0,10.29,80.0,61.0,64.0,16.0,53.0,165.0,62,0.0,3.11,53.0,41.0,43.0,53.0,14.0,23.0,23.0,38.0,0483,1,1
328,468,1,Aguascalientes,1,Aguascalientes,1,Aguascalientes,0483,21,,174,3.0,14.0,6.0,28.0,11.19,79.0,70.0,64.0,18.0,55.0,174.0,60,0.0,3.16,55.0,39.0,54.0,55.0,17.0,23.0,36.0,42.0,0483,1,1
329,471,1,Aguascalientes,1,Aguascalientes,1,Aguascalientes,0483,29,,109,6.0,9.0,6.0,23.0,8.41,45.0,41.0,44.0,7.0,25.0,109.0,28,0.0,4.359999999999999,25.0,20.0,23.0,24.0,15.0,6.0,10.0,19.0,0483,1,0
330,474,1,Aguascalientes,1,Aguascalientes,1,Aguascalientes,0498,1,20370.0,85,6.0,8.0,8.0,12.0,9.4,34.0,38.0,24.0,13.0,23.0,85.0,31,0.0,3.7,23.0,20.0,23.0,22.0,5.0,7.0,11.0,18.0,0498,1,0
331,475,1,Aguascalientes,1,Aguascalientes,1,Aguascalientes,0498,2,20370.0,89,4.0,11.0,4.0,21.0,9.53,37.0,28.0,32.0,12.0,24.0,89.0,33,0.0,3.71,24.0,18.0,22.0,24.0,4.0,7.0,14.0,18.0,0498,1,0
332,476,1,Aguascalientes,1,Aguascalientes,1,Aguascalientes,0498,3,20370.0,61,6.0,8.0,4.0,15.0,9.39,23.0,19.0,26.0,5.0,17.0,61.0,24,0.0,3.59,17.0,13.0,17.0,17.0,5.0,9.0,10.0,12.0,0498,1,0
333,478,1,Aguascalientes,1,Aguascalientes,1,Aguascalientes,0498,5,20370.0,116,12.0,11.0,11.0,39.0,10.0,48.0,35.0,44.0,9.0,26.0,116.0,46,0.0,4.46,26.0,20.0,25.0,26.0,7.0,12.0,17.0,21.0,0498,1,0
334,479,1,Aguascalientes,1,Aguascalientes,1,Aguascalientes,0498,6,20370.0,127,10.0,6.0,4.0,24.0,10.84,59.0,47.0,48.0,12.0,45.0,127.0,56,0.0,2.82,45.0,31.0,45.0,45.0,10.0,16.0,27.0,34.0,0498,1,1
335,480,1,Aguascalientes,1,Aguascalientes,1,Aguascalientes,0498,7,20370.0,123,6.0,11.0,6.0,28.0,9.22,54.0,46.0,42.0,13.0,32.0,123.0,37,0.0,3.84,32.0,24.0,31.0,31.0,10.0,12.0,13.0,22.0,0498,1,2
336,481,1,Aguascalientes,1,Aguascalientes,1,Aguascalientes,0498,8,20370.0,76,3.0,7.0,4.0,17.0,9.03,31.0,29.0,22.0,12.0,21.0,76.0,27,0.0,3.62,20.0,16.0,19.0,21.0,3.0,5.0,8.0,14.0,0498,1,0
337,482,1,Aguascalientes,1,Aguascalientes,1,Aguascalientes,0498,9,20370.0,98,6.0,7.0,9.0,19.0,9.1,48.0,48.0,28.0,10.0,27.0,98.0,31,0.0,3.63,26.0,20.0,25.0,26.0,7.0,12.0,11.0,17.0,0498,1,0
338,483,1,Aguascalientes,1,Aguascalientes,1,Aguascalientes,0498,10,20370.0,168,9.0,13.0,11.0,38.0,8.25,71.0,70.0,51.0,20.0,38.0,168.0,46,0.0,4.42,37.0,30.0,34.0,36.0,7.0,15.0,20.0,26.0,0498,1,2
339,484,1,Aguascalientes,1,Aguascalientes,1,Aguascalientes,0498,12,20370.0,107,7.0,6.0,4.0,22.0,8.360000000000001,44.0,33.0,46.0,10.0,28.0,107.0,28,0.0,3.82,28.0,19.0,28.0,28.0,6.0,9.0,12.0,17.0,0498,1,2
340,485,1,Aguascalientes,1,Aguascalientes,1,Aguascalientes,0498,13,20370.0,65,3.0,14.0,8.0,8.0,8.860000000000003,26.0,25.0,22.0,11.0,20.0,65.0,30,0.0,3.25,20.0,11.0,18.0,20.0,5.0,6.0,11.0,15.0,0498,1,0
341,486,1,Aguascalientes,1,Aguascalientes,1,Aguascalientes,0498,14,20370.0,118,5.0,11.0,4.0,27.0,9.97,55.0,39.0,41.0,15.0,33.0,118.0,46,0.0,3.58,32.0,21.0,32.0,33.0,6.0,13.0,18.0,27.0,0498,1,2
342,487,1,Aguascalientes,1,Aguascalientes,1,Aguascalientes,0498,15,20370.0,108,3.0,10.0,4.0,19.0,10.82,42.0,44.0,41.0,8.0,27.0,108.0,27,0.0,4.0,27.0,22.0,27.0,27.0,11.0,13.0,20.0,22.0,0498,1,2
343,488,1,Aguascalientes,1,Aguascalientes,1,Aguascalientes,0498,16,20370.0,161,6.0,13.0,7.0,31.0,8.950000000000003,69.0,69.0,54.0,14.0,41.0,161.0,46,0.0,3.93,41.0,29.0,32.0,31.0,8.0,11.0,12.0,23.0,0498,1,2
344,489,1,Aguascalientes,1,Aguascalientes,1,Aguascalientes,0498,17,20370.0,120,5.0,15.0,8.0,31.0,6.92,48.0,38.0,43.0,16.0,31.0,120.0,35,0.0,3.87,31.0,21.0,29.0,31.0,3.0,5.0,7.0,11.0,0498,1,2
345,491,1,Aguascalientes,1,Aguascalientes,1,Aguascalientes,0498,19,20370.0,56,3.0,8.0,3.0,17.0,8.18,22.0,18.0,18.0,6.0,13.0,56.0,14,0.0,4.31,13.0,9.0,12.0,13.0,3.0,3.0,4.0,11.0,0498,1,3
346,493,1,Aguascalientes,1,Aguascalientes,1,Aguascalientes,0498,21,20370.0,162,6.0,16.0,4.0,29.0,9.76,69.0,65.0,55.0,17.0,45.0,162.0,61,0.0,3.6,45.0,31.0,39.0,39.0,11.0,18.0,22.0,27.0,0498,1,2
347,494,1,Aguascalientes,1,Aguascalientes,1,Aguascalientes,0498,22,20370.0,399,15.0,43.0,25.0,107.0,8.32,180.0,123.0,133.0,60.0,128.0,399.0,197,0.0,3.12,127.0,58.0,87.0,83.0,19.0,35.0,32.0,88.0,0498,1,4
348,496,1,Aguascalientes,1,Aguascalientes,1,Aguascalientes,0498,24,20370.0,305,13.0,23.0,17.0,66.0,9.14,135.0,95.0,119.0,41.0,91.0,305.0,112,0.0,3.35,90.0,64.0,80.0,90.0,23.0,30.0,43.0,74.0,0498,1,4
349,497,1,Aguascalientes,1,Aguascalientes,1,Aguascalientes,0498,25,20370.0,29,3.0,0.0,8.0,7.0,11.18,10.0,13.0,7.0,4.0,11.0,29.0,16,0.0,2.64,11.0,8.0,11.0,11.0,4.0,5.0,18.0,10.0,0498,1,3
350,499,1,Aguascalientes,1,Aguascalientes,1,Aguascalientes,0498,27,20370.0,17,0.0,14.0,0.0,30.0,13.53,12.0,8.0,7.0,0.0,9.0,17.0,16,0.0,1.89,9.0,4.0,9.0,9.0,4.0,7.0,4.0,9.0,0498,1,3
351,501,1,Aguascalientes,1,Aguascalientes,1,Aguascalientes,0500,1,20371.0,131,8.0,13.0,7.0,37.0,8.12,57.0,39.0,44.0,18.0,35.0,131.0,40,0.0,3.74,35.0,23.0,30.0,34.0,7.0,8.0,8.0,23.0,0500,1,2
352,502,1,Aguascalientes,1,Aguascalientes,1,Aguascalientes,0500,2,20371.0,196,7.0,17.0,8.0,45.0,8.739999999999998,93.0,67.0,62.0,30.0,60.0,196.0,68,0.0,3.27,58.0,32.0,42.0,58.0,11.0,17.0,23.0,38.0,0500,1,1
353,503,1,Aguascalientes,1,Aguascalientes,1,Aguascalientes,0500,3,20371.0,176,6.0,15.0,9.0,36.0,9.99,83.0,61.0,59.0,29.0,54.0,176.0,67,0.0,3.26,52.0,28.0,48.0,52.0,14.0,24.0,17.0,40.0,0500,1,1
354,504,1,Aguascalientes,1,Aguascalientes,1,Aguascalientes,0500,4,20371.0,150,7.0,7.0,9.0,28.0,9.99,74.0,61.0,56.0,13.0,52.0,150.0,64,0.0,2.88,50.0,31.0,39.0,51.0,16.0,20.0,20.0,40.0,0500,1,1
355,505,1,Aguascalientes,1,Aguascalientes,1,Aguascalientes,0500,5,20371.0,124,5.0,12.0,4.0,27.0,9.68,61.0,36.0,43.0,20.0,40.0,123.0,47,0.0,3.08,40.0,28.0,34.0,38.0,4.0,11.0,15.0,25.0,0500,1,2
356,506,1,Aguascalientes,1,Aguascalientes,1,Aguascalientes,0500,6,20371.0,118,6.0,12.0,10.0,28.0,9.27,55.0,45.0,41.0,14.0,36.0,118.0,49,0.0,3.28,36.0,24.0,27.0,36.0,7.0,13.0,15.0,25.0,0500,1,2
357,507,1,Aguascalientes,1,Aguascalientes,1,Aguascalientes,0500,7,20371.0,217,13.0,23.0,9.0,56.0,8.239999999999998,97.0,72.0,77.0,21.0,53.0,217.0,62,0.0,4.09,53.0,40.0,50.0,52.0,6.0,9.0,19.0,36.0,0500,1,1
358,508,1,Aguascalientes,1,Aguascalientes,1,Aguascalientes,0500,8,20371.0,146,5.0,9.0,9.0,28.0,10.5,60.0,52.0,58.0,17.0,45.0,146.0,52,0.0,3.24,45.0,26.0,44.0,42.0,14.0,18.0,29.0,33.0,0500,1,1
359,509,1,Aguascalientes,1,Aguascalientes,1,Aguascalientes,0500,9,20371.0,171,5.0,8.0,8.0,28.0,8.88,73.0,52.0,65.0,27.0,52.0,156.0,73,0.0,3.0,52.0,29.0,46.0,52.0,9.0,12.0,18.0,35.0,0500,1,1
360,510,1,Aguascalientes,1,Aguascalientes,1,Aguascalientes,0500,10,20371.0,229,12.0,19.0,16.0,59.0,8.360000000000001,106.0,79.0,79.0,28.0,59.0,229.0,68,0.0,3.88,59.0,43.0,51.0,58.0,7.0,11.0,28.0,44.0,0500,1,1
361,511,1,Aguascalientes,1,Aguascalientes,1,Aguascalientes,0500,11,20371.0,300,17.0,31.0,13.0,71.0,11.21,135.0,104.0,114.0,24.0,82.0,300.0,107,0.0,3.66,82.0,64.0,82.0,82.0,31.0,41.0,46.0,67.0,0500,1,4
362,512,1,Aguascalientes,1,Aguascalientes,1,Aguascalientes,0500,12,20371.0,176,10.0,14.0,7.0,41.0,10.94,80.0,56.0,57.0,28.0,67.0,176.0,99,0.0,2.63,67.0,38.0,49.0,63.0,26.0,31.0,23.0,48.0,0500,1,1
363,513,1,Aguascalientes,1,Aguascalientes,1,Aguascalientes,0500,13,20371.0,201,11.0,20.0,8.0,54.0,8.39,85.0,69.0,55.0,31.0,49.0,201.0,67,0.0,4.1,49.0,33.0,41.0,49.0,9.0,15.0,16.0,29.0,0500,1,1
364,514,1,Aguascalientes,1,Aguascalientes,1,Aguascalientes,0500,14,20371.0,75,6.0,6.0,4.0,18.0,7.96,33.0,23.0,29.0,9.0,20.0,75.0,21,0.0,3.75,20.0,17.0,18.0,19.0,15.0,4.0,9.0,13.0,0500,1,0
365,515,1,Aguascalientes,1,Aguascalientes,1,Aguascalientes,0500,16,20371.0,93,4.0,11.0,4.0,23.0,8.9,43.0,29.0,42.0,3.0,24.0,93.0,30,0.0,3.88,24.0,21.0,24.0,24.0,6.0,9.0,13.0,19.0,0500,1,0
366,519,1,Aguascalientes,1,Aguascalientes,1,Aguascalientes,0500,23,20371.0,62,4.0,6.0,3.0,15.0,10.0,26.0,21.0,19.0,7.0,16.0,59.0,22,0.0,3.69,16.0,14.0,15.0,15.0,5.0,6.0,5.0,12.0,0500,1,3
367,521,1,Aguascalientes,1,Aguascalientes,1,Aguascalientes,0500,31,20371.0,162,9.0,17.0,10.0,40.0,8.48,62.0,49.0,66.0,16.0,48.0,162.0,59,0.0,3.38,47.0,31.0,45.0,47.0,8.0,13.0,19.0,31.0,0500,1,1
368,522,1,Aguascalientes,1,Aguascalientes,1,Aguascalientes,0500,32,20371.0,62,8.0,3.0,8.0,14.0,12.87,27.0,13.0,20.0,7.0,21.0,53.0,41,0.0,2.52,21.0,16.0,20.0,21.0,11.0,12.0,13.0,19.0,0500,1,0
369,523,1,Aguascalientes,1,Aguascalientes,1,Aguascalientes,0515,1,20386.0,178,6.0,7.0,6.0,23.0,11.07,71.0,65.0,76.0,20.0,56.0,178.0,72,0.0,3.18,56.0,39.0,54.0,54.0,20.0,28.0,32.0,38.0,0515,1,1
370,524,1,Aguascalientes,1,Aguascalientes,1,Aguascalientes,0515,2,20386.0,147,6.0,13.0,6.0,22.0,10.21,64.0,62.0,49.0,18.0,43.0,147.0,83,0.0,3.42,43.0,34.0,39.0,43.0,15.0,19.0,22.0,26.0,0515,1,1
371,526,1,Aguascalientes,1,Aguascalientes,1,Aguascalientes,0515,4,20386.0,143,7.0,4.0,5.0,21.0,12.85,62.0,52.0,55.0,16.0,46.0,140.0,57,0.0,3.04,45.0,39.0,45.0,46.0,21.0,30.0,35.0,39.0,0515,1,1
372,527,1,Aguascalientes,1,Aguascalientes,1,Aguascalientes,0515,5,20386.0,117,3.0,5.0,4.0,15.0,11.94,55.0,41.0,47.0,15.0,37.0,114.0,57,0.0,3.08,37.0,28.0,37.0,36.0,15.0,19.0,29.0,26.0,0515,1,2
373,528,1,Aguascalientes,1,Aguascalientes,1,Aguascalientes,0515,6,20386.0,170,7.0,13.0,6.0,31.0,11.53,73.0,52.0,68.0,22.0,55.0,167.0,96,0.0,3.04,55.0,39.0,54.0,55.0,25.0,31.0,35.0,40.0,0515,1,1
374,529,1,Aguascalientes,1,Aguascalientes,1,Aguascalientes,0515,7,20386.0,125,5.0,15.0,6.0,28.0,11.56,54.0,37.0,57.0,8.0,34.0,125.0,52,0.0,3.68,34.0,28.0,34.0,34.0,14.0,17.0,22.0,26.0,0515,1,2
375,531,1,Aguascalientes,1,Aguascalientes,1,Aguascalientes,0515,9,20386.0,174,7.0,16.0,8.0,36.0,10.76,72.0,63.0,57.0,23.0,55.0,171.0,81,0.0,3.11,55.0,41.0,50.0,55.0,15.0,22.0,22.0,39.0,0515,1,1
376,532,1,Aguascalientes,1,Aguascalientes,1,Aguascalientes,0515,11,20386.0,67,6.0,5.0,8.0,11.0,10.04,31.0,27.0,27.0,4.0,17.0,67.0,28,0.0,3.94,17.0,14.0,17.0,17.0,7.0,8.0,5.0,11.0,0515,1,0
377,533,1,Aguascalientes,1,Aguascalientes,1,Aguascalientes,0515,12,20386.0,39,0.0,3.0,3.0,7.0,11.47,19.0,18.0,11.0,6.0,14.0,39.0,25,0.0,2.79,14.0,9.0,13.0,14.0,7.0,8.0,10.0,9.0,0515,1,3
378,534,1,Aguascalientes,1,Aguascalientes,1,Aguascalientes,0515,13,20386.0,84,6.0,7.0,8.0,12.0,10.51,41.0,36.0,22.0,16.0,25.0,84.0,30,0.0,3.36,24.0,19.0,25.0,25.0,5.0,9.0,9.0,15.0,0515,1,0
379,536,1,Aguascalientes,1,Aguascalientes,1,Aguascalientes,0515,15,20386.0,58,6.0,5.0,3.0,12.0,12.13,32.0,28.0,17.0,4.0,20.0,58.0,37,0.0,2.9,20.0,14.0,19.0,20.0,10.0,14.0,13.0,15.0,0515,1,0
380,537,1,Aguascalientes,1,Aguascalientes,1,Aguascalientes,0515,16,20386.0,185,9.0,13.0,9.0,32.0,11.32,80.0,63.0,73.0,20.0,55.0,179.0,64,0.0,3.25,55.0,46.0,54.0,55.0,21.0,28.0,36.0,42.0,0515,1,1
381,538,1,Aguascalientes,1,Aguascalientes,1,Aguascalientes,0515,17,20386.0,238,9.0,18.0,12.0,42.0,11.61,114.0,101.0,83.0,24.0,76.0,238.0,97,0.0,3.13,75.0,58.0,72.0,76.0,32.0,45.0,47.0,57.0,0515,1,4
382,539,1,Aguascalientes,1,Aguascalientes,1,Aguascalientes,0515,18,20386.0,20,0.0,0.0,0.0,30.0,11.63,11.0,9.0,6.0,4.0,9.0,20.0,18,0.0,2.22,9.0,5.0,7.0,9.0,4.0,5.0,5.0,6.0,0515,1,3
383,540,1,Aguascalientes,1,Aguascalientes,1,Aguascalientes,0515,19,20386.0,100,6.0,8.0,8.0,10.0,12.87,58.0,37.0,42.0,12.0,34.0,100.0,56,0.0,2.94,33.0,26.0,34.0,34.0,18.0,23.0,22.0,30.0,0515,1,2
384,542,1,Aguascalientes,1,Aguascalientes,1,Aguascalientes,0515,21,20386.0,43,4.0,4.0,0.0,11.0,10.34,24.0,8.0,19.0,5.0,16.0,43.0,30,0.0,2.69,15.0,10.0,13.0,16.0,15.0,6.0,8.0,12.0,0515,1,3
385,545,1,Aguascalientes,1,Aguascalientes,1,Aguascalientes,0515,24,20386.0,156,7.0,14.0,6.0,33.0,10.76,66.0,54.0,60.0,15.0,36.0,156.0,52,0.0,4.33,36.0,32.0,35.0,36.0,10.0,14.0,21.0,23.0,0515,1,2
386,546,1,Aguascalientes,1,Aguascalientes,1,Aguascalientes,0515,25,20386.0,133,6.0,8.0,8.0,26.0,10.0,54.0,45.0,45.0,24.0,41.0,133.0,51,0.0,3.24,41.0,27.0,37.0,41.0,13.0,14.0,15.0,27.0,0515,1,2
387,547,1,Aguascalientes,1,Aguascalientes,1,Aguascalientes,0515,26,20386.0,60,6.0,7.0,8.0,10.0,11.0,27.0,21.0,14.0,7.0,16.0,51.0,22,0.0,3.19,16.0,11.0,15.0,16.0,5.0,7.0,9.0,12.0,0515,1,3
388,555,1,Aguascalientes,1,Aguascalientes,1,Aguascalientes,0515,35,20386.0,18,6.0,14.0,0.0,5.0,15.54,10.0,5.0,8.0,0.0,5.0,18.0,7,0.0,3.6,5.0,5.0,5.0,5.0,5.0,5.0,5.0,5.0,0515,1,3
389,556,1,Aguascalientes,1,Aguascalientes,1,Aguascalientes,0515,36,20386.0,48,0.0,0.0,0.0,0.0,13.25,28.0,28.0,14.0,5.0,11.0,39.0,24,0.0,3.55,11.0,10.0,10.0,11.0,7.0,9.0,10.0,9.0,0515,1,3
390,558,1,Aguascalientes,1,Aguascalientes,1,Aguascalientes,0515,38,20386.0,16,3.0,0.0,0.0,3.0,13.85,9.0,5.0,7.0,5.0,5.0,16.0,6,0.0,3.2,5.0,3.0,5.0,5.0,3.0,3.0,5.0,5.0,0515,1,3
391,560,1,Aguascalientes,1,Aguascalientes,1,Aguascalientes,0515,40,20386.0,18,6.0,0.0,0.0,30.0,12.94,12.0,8.0,5.0,4.0,6.0,18.0,6,0.0,3.0,6.0,5.0,6.0,6.0,4.0,4.0,4.0,6.0,0515,1,3
392,565,1,Aguascalientes,1,Aguascalientes,1,Aguascalientes,0515,45,20386.0,0,0.0,0.0,0.0,0.0,0.0,0.0,0.0,0.0,0.0,0.0,0.0,2,0.0,0.0,0.0,0.0,0.0,0.0,0.0,0.0,0.0,0.0,0515,1,3
393,570,1,Aguascalientes,1,Aguascalientes,1,Aguascalientes,0515,50,20386.0,1,0.0,0.0,0.0,0.0,17.0,40.0,28.0,0.0,0.0,0.0,0.0,0,0.0,0.0,0.0,0.0,0.0,0.0,0.0,0.0,0.0,0.0,0515,1,3
394,571,1,Aguascalientes,1,Aguascalientes,1,Aguascalientes,052A,1,,60,4.0,11.0,3.0,20.0,10.93,21.0,17.0,19.0,7.0,17.0,60.0,22,0.0,3.53,16.0,11.0,16.0,17.0,7.0,9.0,10.0,12.0,052A,1,0
395,573,1,Aguascalientes,1,Aguascalientes,1,Aguascalientes,052A,3,,81,6.0,9.0,3.0,16.0,9.94,38.0,31.0,28.0,9.0,26.0,81.0,41,0.0,3.12,26.0,19.0,25.0,26.0,7.0,12.0,10.0,21.0,052A,1,0
396,574,1,Aguascalientes,1,Aguascalientes,1,Aguascalientes,052A,4,,47,6.0,4.0,0.0,7.0,13.05,19.0,20.0,15.0,5.0,14.0,47.0,18,0.0,3.36,14.0,11.0,14.0,14.0,3.0,7.0,9.0,8.0,052A,1,3
397,575,1,Aguascalientes,1,Aguascalientes,1,Aguascalientes,052A,5,,92,6.0,6.0,5.0,17.0,10.08,48.0,36.0,33.0,10.0,24.0,92.0,30,0.0,3.83,24.0,18.0,24.0,24.0,6.0,12.0,17.0,21.0,052A,1,0
398,576,1,Aguascalientes,1,Aguascalientes,1,Aguascalientes,052A,6,,122,3.0,8.0,4.0,17.0,11.66,50.0,46.0,39.0,21.0,40.0,119.0,49,0.0,2.98,40.0,30.0,39.0,40.0,18.0,20.0,35.0,29.0,052A,1,1
399,577,1,Aguascalientes,1,Aguascalientes,1,Aguascalientes,052A,7,,138,5.0,8.0,7.0,23.0,11.57,65.0,53.0,43.0,26.0,42.0,138.0,47,0.0,3.29,41.0,32.0,36.0,41.0,17.0,22.0,31.0,34.0,052A,1,2
400,578,1,Aguascalientes,1,Aguascalientes,1,Aguascalientes,052A,8,,82,5.0,9.0,3.0,21.0,12.11,34.0,22.0,34.0,5.0,21.0,79.0,28,0.0,3.76,17.0,17.0,20.0,21.0,11.0,14.0,19.0,18.0,052A,1,0
401,579,1,Aguascalientes,1,Aguascalientes,1,Aguascalientes,052A,9,,105,3.0,8.0,6.0,21.0,9.4,47.0,57.0,24.0,9.0,24.0,105.0,35,0.0,4.38,24.0,21.0,24.0,24.0,4.0,7.0,11.0,20.0,052A,1,0
402,583,1,Aguascalientes,1,Aguascalientes,1,Aguascalientes,052A,13,,137,7.0,7.0,0.0,18.0,12.19,62.0,46.0,60.0,13.0,44.0,137.0,46,0.0,3.11,44.0,34.0,44.0,44.0,20.0,21.0,39.0,36.0,052A,1,1
403,584,1,Aguascalientes,1,Aguascalientes,1,Aguascalientes,052A,14,,64,6.0,7.0,4.0,13.0,8.33,23.0,23.0,24.0,8.0,22.0,64.0,25,0.0,2.91,21.0,14.0,19.0,22.0,8.0,8.0,11.0,10.0,052A,1,0
404,585,1,Aguascalientes,1,Aguascalientes,1,Aguascalientes,052A,15,,86,3.0,10.0,3.0,17.0,10.98,47.0,38.0,22.0,9.0,21.0,83.0,31,0.0,3.95,20.0,20.0,21.0,21.0,6.0,9.0,9.0,16.0,052A,1,0
405,587,1,Aguascalientes,1,Aguascalientes,1,Aguascalientes,052A,17,,64,6.0,7.0,4.0,17.0,8.0,25.0,19.0,24.0,8.0,19.0,64.0,26,0.0,3.37,19.0,16.0,18.0,19.0,4.0,5.0,12.0,11.0,052A,1,0
406,589,1,Aguascalientes,1,Aguascalientes,1,Aguascalientes,052A,19,,131,4.0,10.0,6.0,27.0,9.55,53.0,39.0,48.0,11.0,32.0,119.0,45,0.0,3.72,32.0,24.0,29.0,32.0,12.0,14.0,20.0,26.0,052A,1,2
407,591,1,Aguascalientes,1,Aguascalientes,1,Aguascalientes,052A,21,,48,6.0,3.0,0.0,4.0,11.88,18.0,17.0,11.0,13.0,15.0,45.0,20,0.0,3.0,15.0,13.0,14.0,15.0,5.0,9.0,12.0,10.0,052A,1,3
408,592,1,Aguascalientes,1,Aguascalientes,1,Aguascalientes,052A,22,,143,7.0,8.0,5.0,24.0,12.09,71.0,52.0,48.0,24.0,45.0,143.0,50,0.0,3.18,45.0,36.0,44.0,45.0,26.0,30.0,35.0,35.0,052A,1,1
409,594,1,Aguascalientes,1,Aguascalientes,1,Aguascalientes,052A,24,,100,5.0,8.0,3.0,20.0,8.69,40.0,31.0,40.0,9.0,23.0,97.0,27,0.0,4.22,23.0,18.0,19.0,23.0,6.0,9.0,6.0,13.0,052A,1,0
410,595,1,Aguascalientes,1,Aguascalientes,1,Aguascalientes,052A,25,,78,7.0,4.0,8.0,14.0,9.91,34.0,27.0,24.0,15.0,23.0,78.0,30,0.0,3.39,23.0,19.0,22.0,23.0,10.0,11.0,18.0,23.0,052A,1,0
411,596,1,Aguascalientes,1,Aguascalientes,1,Aguascalientes,052A,26,,123,3.0,6.0,4.0,16.0,11.01,70.0,52.0,44.0,15.0,35.0,116.0,50,0.0,3.31,35.0,21.0,33.0,35.0,13.0,14.0,24.0,28.0,052A,1,2
412,598,1,Aguascalientes,1,Aguascalientes,1,Aguascalientes,0534,2,,169,3.0,14.0,10.0,32.0,9.34,75.0,66.0,56.0,22.0,45.0,166.0,55,0.0,3.69,45.0,35.0,44.0,45.0,12.0,14.0,22.0,29.0,0534,1,1
413,599,1,Aguascalientes,1,Aguascalientes,1,Aguascalientes,0534,3,,77,6.0,6.0,4.0,16.0,9.7,28.0,38.0,19.0,7.0,16.0,77.0,16,0.0,4.81,16.0,14.0,16.0,16.0,4.0,8.0,10.0,11.0,0534,1,0
414,600,1,Aguascalientes,1,Aguascalientes,1,Aguascalientes,0534,4,,82,4.0,7.0,4.0,16.0,11.27,33.0,31.0,28.0,8.0,24.0,79.0,26,0.0,3.29,24.0,18.0,24.0,24.0,9.0,14.0,12.0,18.0,0534,1,0
415,601,1,Aguascalientes,1,Aguascalientes,1,Aguascalientes,0534,5,,70,3.0,11.0,8.0,17.0,10.4,26.0,23.0,26.0,6.0,19.0,70.0,29,0.0,3.68,18.0,14.0,18.0,19.0,5.0,9.0,10.0,13.0,0534,1,0
416,602,1,Aguascalientes,1,Aguascalientes,1,Aguascalientes,0534,6,,54,0.0,6.0,8.0,9.0,10.22,20.0,22.0,18.0,7.0,16.0,54.0,22,0.0,3.38,16.0,15.0,16.0,16.0,7.0,8.0,13.0,14.0,0534,1,0
417,603,1,Aguascalientes,1,Aguascalientes,1,Aguascalientes,0534,7,,134,6.0,13.0,3.0,28.0,9.87,52.0,49.0,47.0,13.0,31.0,134.0,36,0.0,4.319999999999999,31.0,25.0,30.0,31.0,15.0,18.0,21.0,26.0,0534,1,2
418,604,1,Aguascalientes,1,Aguascalientes,1,Aguascalientes,0534,8,,177,5.0,7.0,14.0,33.0,9.4,61.0,72.0,66.0,20.0,52.0,177.0,58,0.0,3.4,52.0,44.0,50.0,52.0,19.0,26.0,31.0,43.0,0534,1,1
419,605,1,Aguascalientes,1,Aguascalientes,1,Aguascalientes,0534,9,,124,4.0,5.0,8.0,17.0,8.93,53.0,43.0,49.0,17.0,34.0,124.0,43,0.0,3.65,25.0,29.0,33.0,33.0,10.0,9.0,14.0,23.0,0534,1,2
420,606,1,Aguascalientes,1,Aguascalientes,1,Aguascalientes,0534,10,,136,12.0,22.0,10.0,47.0,9.58,48.0,39.0,47.0,13.0,32.0,136.0,39,0.0,4.25,32.0,27.0,32.0,32.0,8.0,9.0,15.0,22.0,0534,1,2
421,607,1,Aguascalientes,1,Aguascalientes,1,Aguascalientes,0534,11,,112,3.0,6.0,8.0,21.0,8.350000000000001,50.0,39.0,42.0,12.0,32.0,106.0,41,0.0,3.31,32.0,19.0,32.0,32.0,7.0,9.0,13.0,23.0,0534,1,2
422,609,1,Aguascalientes,1,Aguascalientes,1,Aguascalientes,0534,14,,160,5.0,17.0,7.0,32.0,9.83,68.0,62.0,49.0,21.0,41.0,157.0,45,0.0,3.83,41.0,34.0,40.0,41.0,10.0,14.0,21.0,28.0,0534,1,1
423,610,1,Aguascalientes,1,Aguascalientes,1,Aguascalientes,0534,15,,115,3.0,6.0,6.0,19.0,10.72,55.0,46.0,40.0,16.0,30.0,115.0,31,0.0,3.83,29.0,25.0,29.0,30.0,8.0,16.0,21.0,24.0,0534,1,2
424,613,1,Aguascalientes,1,Aguascalientes,1,Aguascalientes,0534,18,,56,3.0,8.0,5.0,17.0,9.08,23.0,16.0,21.0,7.0,15.0,56.0,21,0.0,3.73,15.0,10.0,15.0,15.0,3.0,4.0,7.0,10.0,0534,1,3
425,614,1,Aguascalientes,1,Aguascalientes,1,Aguascalientes,0534,19,,73,3.0,6.0,4.0,15.0,10.34,35.0,23.0,31.0,8.0,21.0,73.0,27,0.0,3.48,21.0,19.0,21.0,21.0,5.0,9.0,14.0,18.0,0534,1,0
426,615,1,Aguascalientes,1,Aguascalientes,1,Aguascalientes,0534,20,,106,3.0,8.0,8.0,17.0,9.36,44.0,39.0,32.0,17.0,32.0,103.0,42,0.0,3.22,32.0,22.0,32.0,32.0,10.0,12.0,16.0,20.0,0534,1,2
427,616,1,Aguascalientes,1,Aguascalientes,1,Aguascalientes,0534,21,,81,6.0,8.0,3.0,15.0,10.43,32.0,29.0,28.0,9.0,27.0,78.0,39,0.0,2.89,27.0,17.0,27.0,27.0,7.0,10.0,14.0,15.0,0534,1,2
428,617,1,Aguascalientes,1,Aguascalientes,1,Aguascalientes,0534,22,,76,6.0,3.0,4.0,15.0,10.6,27.0,28.0,26.0,5.0,19.0,70.0,30,0.0,3.68,19.0,14.0,18.0,18.0,6.0,8.0,11.0,15.0,0534,1,0
429,618,1,Aguascalientes,1,Aguascalientes,1,Aguascalientes,0534,23,,103,0.0,10.0,3.0,15.0,9.01,46.0,41.0,35.0,11.0,26.0,100.0,40,0.0,3.85,26.0,22.0,24.0,26.0,7.0,10.0,14.0,16.0,0534,1,0
430,620,1,Aguascalientes,1,Aguascalientes,1,Aguascalientes,0534,25,,138,4.0,13.0,11.0,32.0,8.54,60.0,57.0,46.0,14.0,35.0,138.0,51,0.0,3.94,35.0,29.0,35.0,35.0,7.0,14.0,15.0,23.0,0534,1,2
431,621,1,Aguascalientes,1,Aguascalientes,1,Aguascalientes,0534,26,,146,7.0,16.0,4.0,35.0,7.3,58.0,49.0,53.0,13.0,31.0,146.0,34,0.0,4.71,31.0,24.0,29.0,31.0,8.0,10.0,17.0,24.0,0534,1,2
432,622,1,Aguascalientes,1,Aguascalientes,1,Aguascalientes,0534,27,,113,5.0,18.0,5.0,36.0,8.96,43.0,30.0,42.0,10.0,25.0,113.0,27,0.0,4.52,24.0,20.0,24.0,25.0,8.0,8.0,14.0,19.0,0534,1,0
433,623,1,Aguascalientes,1,Aguascalientes,1,Aguascalientes,0534,28,,79,6.0,6.0,6.0,15.0,8.47,33.0,25.0,29.0,12.0,22.0,76.0,32,0.0,3.45,22.0,16.0,20.0,22.0,4.0,7.0,10.0,18.0,0534,1,0
434,627,1,Aguascalientes,1,Aguascalientes,1,Aguascalientes,0534,32,,51,3.0,6.0,8.0,14.0,9.35,17.0,9.0,20.0,3.0,12.0,45.0,14,0.0,3.75,12.0,9.0,11.0,12.0,3.0,3.0,6.0,8.0,0534,1,3
435,628,1,Aguascalientes,1,Aguascalientes,1,Aguascalientes,0549,1,,138,3.0,12.0,9.0,28.0,11.25,65.0,46.0,48.0,24.0,48.0,138.0,52,0.0,2.88,45.0,32.0,46.0,48.0,16.0,20.0,28.0,36.0,0549,1,1
436,629,1,Aguascalientes,1,Aguascalientes,1,Aguascalientes,0549,2,,78,6.0,5.0,4.0,12.0,11.09,43.0,27.0,28.0,15.0,26.0,78.0,31,0.0,3.0,26.0,20.0,25.0,26.0,8.0,12.0,13.0,22.0,0549,1,0
437,630,1,Aguascalientes,1,Aguascalientes,1,Aguascalientes,0549,3,,120,3.0,9.0,5.0,19.0,9.88,51.0,52.0,25.0,26.0,44.0,117.0,52,0.0,2.66,44.0,28.0,44.0,44.0,7.0,15.0,15.0,25.0,0549,1,1
438,631,1,Aguascalientes,1,Aguascalientes,1,Aguascalientes,0549,4,,136,6.0,15.0,6.0,28.0,9.84,56.0,43.0,43.0,28.0,38.0,136.0,49,0.0,3.58,38.0,28.0,36.0,38.0,14.0,18.0,23.0,27.0,0549,1,2
439,632,1,Aguascalientes,1,Aguascalientes,1,Aguascalientes,0549,5,,109,6.0,6.0,4.0,15.0,10.52,50.0,40.0,34.0,15.0,31.0,100.0,34,0.0,3.23,31.0,24.0,29.0,28.0,13.0,21.0,20.0,23.0,0549,1,2
440,633,1,Aguascalientes,1,Aguascalientes,1,Aguascalientes,0549,6,,62,0.0,5.0,3.0,8.0,10.89,28.0,21.0,27.0,9.0,23.0,62.0,23,0.0,2.7,23.0,17.0,23.0,23.0,8.0,10.0,17.0,14.0,0549,1,0
441,634,1,Aguascalientes,1,Aguascalientes,1,Aguascalientes,0549,7,,88,3.0,5.0,3.0,12.0,10.43,38.0,34.0,27.0,18.0,29.0,88.0,35,0.0,3.03,29.0,22.0,27.0,29.0,10.0,14.0,14.0,21.0,0549,1,2
442,635,1,Aguascalientes,1,Aguascalientes,1,Aguascalientes,0549,8,,161,6.0,15.0,8.0,35.0,11.31,69.0,48.0,68.0,15.0,49.0,158.0,50,0.0,3.22,49.0,34.0,46.0,49.0,16.0,21.0,21.0,42.0,0549,1,1
443,636,1,Aguascalientes,1,Aguascalientes,1,Aguascalientes,0549,9,,271,10.0,13.0,12.0,41.0,11.36,134.0,106.0,104.0,32.0,89.0,271.0,108,0.0,3.04,89.0,67.0,87.0,89.0,36.0,46.0,57.0,59.0,0549,1,4
444,638,1,Aguascalientes,1,Aguascalientes,1,Aguascalientes,0549,12,,39,0.0,14.0,0.0,4.0,10.71,20.0,14.0,16.0,5.0,11.0,39.0,14,0.0,3.55,11.0,8.0,10.0,11.0,4.0,5.0,6.0,8.0,0549,1,3
445,639,1,Aguascalientes,1,Aguascalientes,1,Aguascalientes,0549,13,,125,10.0,13.0,3.0,29.0,10.65,59.0,34.0,49.0,16.0,38.0,125.0,50,0.0,3.29,38.0,29.0,38.0,38.0,13.0,14.0,16.0,27.0,0549,1,2
446,640,1,Aguascalientes,1,Aguascalientes,1,Aguascalientes,0549,14,,126,6.0,10.0,4.0,21.0,10.83,56.0,43.0,39.0,21.0,40.0,120.0,50,0.0,3.0,40.0,27.0,38.0,40.0,13.0,17.0,19.0,29.0,0549,1,2
447,641,1,Aguascalientes,1,Aguascalientes,1,Aguascalientes,0549,15,,164,9.0,16.0,4.0,39.0,9.88,73.0,43.0,64.0,19.0,47.0,161.0,48,0.0,3.43,47.0,39.0,46.0,46.0,11.0,15.0,24.0,32.0,0549,1,1
448,643,1,Aguascalientes,1,Aguascalientes,1,Aguascalientes,0549,17,,33,3.0,4.0,8.0,11.0,10.64,13.0,7.0,13.0,4.0,10.0,33.0,12,0.0,3.3,10.0,7.0,10.0,9.0,5.0,8.0,9.0,9.0,0549,1,3
449,645,1,Aguascalientes,1,Aguascalientes,1,Aguascalientes,0549,19,,74,3.0,8.0,8.0,15.0,13.22,30.0,20.0,26.0,11.0,25.0,71.0,34,0.0,2.84,25.0,14.0,24.0,25.0,11.0,16.0,19.0,22.0,0549,1,0
450,646,1,Aguascalientes,1,Aguascalientes,1,Aguascalientes,0549,20,,128,5.0,8.0,3.0,19.0,12.01,60.0,49.0,44.0,19.0,45.0,128.0,50,0.0,2.84,45.0,27.0,42.0,45.0,14.0,25.0,29.0,31.0,0549,1,1
451,647,1,Aguascalientes,1,Aguascalientes,1,Aguascalientes,0549,21,,105,6.0,5.0,5.0,13.0,12.27,47.0,42.0,45.0,10.0,31.0,105.0,38,0.0,3.39,31.0,22.0,31.0,31.0,20.0,22.0,24.0,25.0,0549,1,2
452,648,1,Aguascalientes,1,Aguascalientes,1,Aguascalientes,0549,22,,122,5.0,9.0,5.0,24.0,10.41,55.0,45.0,36.0,16.0,31.0,116.0,41,0.0,3.74,31.0,21.0,30.0,31.0,9.0,12.0,19.0,21.0,0549,1,2
453,650,1,Aguascalientes,1,Aguascalientes,1,Aguascalientes,0549,24,,0,0.0,0.0,0.0,0.0,0.0,0.0,0.0,0.0,0.0,0.0,0.0,5,0.0,0.0,0.0,0.0,0.0,0.0,0.0,0.0,0.0,0.0,0549,1,3
454,651,1,Aguascalientes,1,Aguascalientes,1,Aguascalientes,0549,25,,337,19.0,31.0,9.0,72.0,11.739999999999998,158.0,108.0,120.0,42.0,107.0,334.0,132,0.0,3.12,106.0,68.0,107.0,107.0,43.0,57.0,67.0,84.0,0549,1,4
455,652,1,Aguascalientes,1,Aguascalientes,1,Aguascalientes,0549,26,,0,0.0,0.0,0.0,0.0,0.0,0.0,0.0,0.0,0.0,0.0,0.0,1,0.0,0.0,0.0,0.0,0.0,0.0,0.0,0.0,0.0,0.0,0549,1,3
456,654,1,Aguascalientes,1,Aguascalientes,1,Aguascalientes,0549,28,,141,5.0,13.0,3.0,32.0,11.239999999999998,62.0,40.0,45.0,27.0,45.0,126.0,63,0.0,2.8,45.0,36.0,40.0,44.0,18.0,23.0,26.0,28.0,0549,1,1
457,658,1,Aguascalientes,1,Aguascalientes,1,Aguascalientes,0553,9,,67,6.0,5.0,6.0,16.0,10.96,28.0,30.0,22.0,5.0,19.0,67.0,22,0.0,3.53,19.0,12.0,17.0,19.0,6.0,9.0,14.0,16.0,0553,1,0
458,661,1,Aguascalientes,1,Aguascalientes,1,Aguascalientes,0553,21,,90,3.0,7.0,4.0,20.0,10.71,29.0,28.0,37.0,9.0,25.0,90.0,25,0.0,3.6,25.0,19.0,24.0,24.0,10.0,13.0,18.0,19.0,0553,1,0
459,662,1,Aguascalientes,1,Aguascalientes,1,Aguascalientes,0553,22,,76,6.0,6.0,4.0,16.0,10.1,35.0,26.0,22.0,16.0,26.0,76.0,27,0.0,2.92,26.0,17.0,25.0,26.0,10.0,15.0,13.0,20.0,0553,1,0
460,663,1,Aguascalientes,1,Aguascalientes,1,Aguascalientes,0553,23,,84,3.0,10.0,5.0,22.0,8.44,28.0,27.0,35.0,5.0,19.0,84.0,25,0.0,4.42,19.0,17.0,16.0,19.0,15.0,5.0,11.0,10.0,0553,1,0
461,664,1,Aguascalientes,1,Aguascalientes,1,Aguascalientes,0553,24,,38,6.0,4.0,3.0,10.0,11.71,18.0,16.0,12.0,3.0,11.0,38.0,13,0.0,3.45,11.0,8.0,11.0,10.0,4.0,6.0,3.0,8.0,0553,1,3
462,665,1,Aguascalientes,1,Aguascalientes,1,Aguascalientes,0553,26,,265,14.0,20.0,22.0,67.0,9.97,118.0,96.0,91.0,32.0,70.0,265.0,76,0.0,3.79,69.0,62.0,69.0,70.0,20.0,33.0,46.0,51.0,0553,1,4
463,666,1,Aguascalientes,1,Aguascalientes,1,Aguascalientes,0553,28,,108,4.0,7.0,8.0,23.0,9.07,39.0,44.0,34.0,15.0,25.0,108.0,31,0.0,4.319999999999999,25.0,21.0,24.0,24.0,9.0,11.0,8.0,19.0,0553,1,0
464,668,1,Aguascalientes,1,Aguascalientes,1,Aguascalientes,0553,30,,26,3.0,6.0,3.0,12.0,11.07,8.0,5.0,11.0,5.0,7.0,26.0,8,0.0,3.71,7.0,7.0,7.0,7.0,4.0,4.0,3.0,4.0,0553,1,3
465,670,1,Aguascalientes,1,Aguascalientes,1,Aguascalientes,0553,32,,47,3.0,6.0,0.0,10.0,10.51,17.0,12.0,16.0,9.0,18.0,47.0,19,0.0,2.61,18.0,11.0,17.0,18.0,5.0,9.0,8.0,13.0,0553,1,0
466,671,1,Aguascalientes,1,Aguascalientes,1,Aguascalientes,0553,33,,43,3.0,6.0,3.0,14.0,8.9,17.0,12.0,16.0,4.0,12.0,43.0,16,0.0,3.58,12.0,10.0,12.0,12.0,15.0,8.0,6.0,9.0,0553,1,3
467,678,1,Aguascalientes,1,Aguascalientes,1,Aguascalientes,0553,40,,29,0.0,0.0,0.0,30.0,11.0,15.0,14.0,10.0,3.0,9.0,29.0,10,0.0,3.22,9.0,6.0,9.0,9.0,4.0,6.0,4.0,7.0,0553,1,3
468,679,1,Aguascalientes,1,Aguascalientes,1,Aguascalientes,0553,41,,29,0.0,14.0,3.0,7.0,10.68,13.0,10.0,11.0,4.0,8.0,29.0,10,0.0,3.63,8.0,6.0,8.0,8.0,4.0,5.0,4.0,6.0,0553,1,3
469,680,1,Aguascalientes,1,Aguascalientes,1,Aguascalientes,0553,42,,19,0.0,3.0,0.0,4.0,10.67,9.0,4.0,8.0,3.0,4.0,19.0,4,0.0,4.75,4.0,4.0,4.0,4.0,3.0,4.0,4.0,4.0,0553,1,3
470,686,1,Aguascalientes,1,Aguascalientes,1,Aguascalientes,0553,50,,16,0.0,0.0,0.0,0.0,11.13,8.0,5.0,6.0,5.0,7.0,16.0,7,0.0,2.29,7.0,7.0,7.0,7.0,4.0,5.0,6.0,6.0,0553,1,3
471,692,1,Aguascalientes,1,Aguascalientes,1,Aguascalientes,0568,1,,94,0.0,5.0,6.0,13.0,8.62,41.0,41.0,30.0,14.0,31.0,94.0,33,0.0,3.03,31.0,21.0,27.0,31.0,10.0,10.0,11.0,21.0,0568,1,2
472,693,1,Aguascalientes,1,Aguascalientes,1,Aguascalientes,0568,2,,245,5.0,25.0,11.0,45.0,10.23,114.0,85.0,100.0,25.0,78.0,245.0,87,0.0,3.14,77.0,54.0,74.0,76.0,21.0,31.0,39.0,56.0,0568,1,4
473,694,1,Aguascalientes,1,Aguascalientes,1,Aguascalientes,0568,3,,164,7.0,12.0,9.0,32.0,9.63,82.0,56.0,67.0,16.0,51.0,164.0,57,0.0,3.22,50.0,40.0,48.0,51.0,15.0,22.0,30.0,41.0,0568,1,1
474,695,1,Aguascalientes,1,Aguascalientes,1,Aguascalientes,0568,4,,132,4.0,10.0,6.0,24.0,10.17,53.0,49.0,50.0,15.0,40.0,132.0,60,0.0,3.3,39.0,31.0,37.0,40.0,15.0,21.0,18.0,31.0,0568,1,2
475,696,1,Aguascalientes,1,Aguascalientes,1,Aguascalientes,0568,5,,164,5.0,18.0,7.0,34.0,9.05,79.0,50.0,74.0,13.0,46.0,164.0,51,0.0,3.57,46.0,32.0,45.0,45.0,8.0,15.0,24.0,34.0,0568,1,1
476,697,1,Aguascalientes,1,Aguascalientes,1,Aguascalientes,0568,6,,165,9.0,7.0,5.0,26.0,9.25,71.0,59.0,58.0,22.0,48.0,165.0,56,0.0,3.44,46.0,39.0,46.0,48.0,14.0,20.0,28.0,34.0,0568,1,1
477,698,1,Aguascalientes,1,Aguascalientes,1,Aguascalientes,0568,7,,188,16.0,19.0,12.0,53.0,8.9,70.0,47.0,83.0,16.0,47.0,188.0,53,0.0,4.0,47.0,36.0,45.0,46.0,11.0,22.0,23.0,37.0,0568,1,1
478,699,1,Aguascalientes,1,Aguascalientes,1,Aguascalientes,0568,8,,100,4.0,10.0,8.0,17.0,9.81,41.0,30.0,43.0,12.0,27.0,100.0,35,0.0,3.7,26.0,21.0,26.0,27.0,11.0,13.0,12.0,18.0,0568,1,2
479,700,1,Aguascalientes,1,Aguascalientes,1,Aguascalientes,0568,9,,89,6.0,12.0,5.0,29.0,9.86,39.0,30.0,23.0,12.0,31.0,89.0,39,0.0,2.87,28.0,16.0,21.0,31.0,7.0,9.0,10.0,26.0,0568,1,0
480,702,1,Aguascalientes,1,Aguascalientes,1,Aguascalientes,0568,11,,270,11.0,32.0,15.0,68.0,11.11,115.0,84.0,101.0,31.0,77.0,270.0,84,0.0,3.51,75.0,64.0,73.0,76.0,27.0,34.0,50.0,60.0,0568,1,4
481,703,1,Aguascalientes,1,Aguascalientes,1,Aguascalientes,0568,12,,49,4.0,3.0,3.0,12.0,12.43,22.0,19.0,17.0,4.0,16.0,49.0,16,0.0,3.06,16.0,12.0,16.0,16.0,6.0,10.0,12.0,13.0,0568,1,0
482,704,1,Aguascalientes,1,Aguascalientes,1,Aguascalientes,0572,1,,118,5.0,15.0,9.0,31.0,10.61,51.0,43.0,43.0,10.0,32.0,118.0,42,0.0,3.69,32.0,26.0,31.0,32.0,12.0,17.0,17.0,25.0,0572,1,2
483,705,1,Aguascalientes,1,Aguascalientes,1,Aguascalientes,0572,2,,123,4.0,9.0,9.0,28.0,11.07,57.0,47.0,43.0,14.0,36.0,123.0,46,0.0,3.42,36.0,28.0,35.0,36.0,14.0,19.0,19.0,30.0,0572,1,2
484,707,1,Aguascalientes,1,Aguascalientes,1,Aguascalientes,0572,4,,212,6.0,15.0,7.0,35.0,10.75,101.0,63.0,74.0,43.0,84.0,209.0,108,0.0,2.49,84.0,51.0,71.0,84.0,26.0,35.0,50.0,61.0,0572,1,4
485,708,1,Aguascalientes,1,Aguascalientes,1,Aguascalientes,0572,5,,328,12.0,25.0,8.0,56.0,9.14,148.0,125.0,110.0,43.0,91.0,297.0,142,0.0,3.26,89.0,69.0,84.0,90.0,32.0,43.0,46.0,66.0,0572,1,4
486,709,1,Aguascalientes,1,Aguascalientes,1,Aguascalientes,0572,6,,138,9.0,14.0,8.0,30.0,9.03,70.0,35.0,59.0,15.0,44.0,138.0,54,0.0,3.14,44.0,33.0,40.0,44.0,13.0,16.0,27.0,35.0,0572,1,1
487,710,1,Aguascalientes,1,Aguascalientes,1,Aguascalientes,0572,7,,102,3.0,11.0,5.0,22.0,10.06,47.0,42.0,31.0,12.0,31.0,102.0,39,0.0,3.29,31.0,24.0,28.0,31.0,13.0,14.0,18.0,24.0,0572,1,2
488,711,1,Aguascalientes,1,Aguascalientes,1,Aguascalientes,0572,8,,268,11.0,26.0,9.0,66.0,11.739999999999998,128.0,91.0,91.0,29.0,87.0,268.0,117,0.0,3.08,85.0,60.0,85.0,87.0,31.0,51.0,58.0,74.0,0572,1,4
489,713,1,Aguascalientes,1,Aguascalientes,1,Aguascalientes,0572,10,,85,3.0,9.0,5.0,25.0,10.29,28.0,30.0,31.0,4.0,19.0,85.0,42,0.0,4.4700000000000015,19.0,15.0,16.0,19.0,8.0,9.0,9.0,18.0,0572,1,0
490,714,1,Aguascalientes,1,Aguascalientes,1,Aguascalientes,0572,11,,219,9.0,18.0,5.0,38.0,11.44,108.0,83.0,63.0,40.0,71.0,219.0,110,0.0,3.08,71.0,47.0,65.0,70.0,33.0,37.0,39.0,45.0,0572,1,4
491,715,1,Aguascalientes,1,Aguascalientes,1,Aguascalientes,0572,12,,245,9.0,15.0,16.0,45.0,10.91,119.0,105.0,82.0,29.0,79.0,245.0,104,0.0,3.1,78.0,55.0,74.0,79.0,26.0,34.0,42.0,54.0,0572,1,4
492,716,1,Aguascalientes,1,Aguascalientes,1,Aguascalientes,0572,13,,146,6.0,12.0,9.0,25.0,9.75,78.0,67.0,46.0,17.0,38.0,135.0,44,0.0,3.55,38.0,31.0,36.0,38.0,16.0,16.0,17.0,22.0,0572,1,2
493,717,1,Aguascalientes,1,Aguascalientes,1,Aguascalientes,0572,14,,113,4.0,8.0,9.0,28.0,10.75,50.0,42.0,43.0,9.0,28.0,113.0,38,0.0,4.04,28.0,22.0,26.0,28.0,8.0,11.0,13.0,21.0,0572,1,0
494,718,1,Aguascalientes,1,Aguascalientes,1,Aguascalientes,0572,15,,72,4.0,5.0,8.0,13.0,9.64,39.0,29.0,23.0,9.0,22.0,72.0,26,0.0,3.27,22.0,18.0,21.0,22.0,5.0,8.0,10.0,20.0,0572,1,0
495,719,1,Aguascalientes,1,Aguascalientes,1,Aguascalientes,0572,16,,65,4.0,8.0,3.0,17.0,10.23,31.0,22.0,24.0,5.0,16.0,65.0,23,0.0,4.06,16.0,13.0,14.0,16.0,6.0,7.0,8.0,15.0,0572,1,3
496,720,1,Aguascalientes,1,Aguascalientes,1,Aguascalientes,0572,17,,96,6.0,5.0,5.0,12.0,9.98,56.0,50.0,30.0,9.0,25.0,96.0,30,0.0,3.84,25.0,24.0,25.0,24.0,11.0,16.0,12.0,23.0,0572,1,0
497,725,1,Aguascalientes,1,Aguascalientes,1,Aguascalientes,0572,22,,66,0.0,11.0,8.0,14.0,10.13,33.0,24.0,22.0,8.0,19.0,66.0,19,0.0,3.47,18.0,13.0,18.0,18.0,6.0,6.0,9.0,14.0,0572,1,0
498,726,1,Aguascalientes,1,Aguascalientes,1,Aguascalientes,0587,1,,235,18.0,27.0,15.0,70.0,7.17,99.0,58.0,103.0,19.0,52.0,235.0,61,0.0,4.52,52.0,39.0,46.0,52.0,6.0,12.0,29.0,35.0,0587,1,1
499,727,1,Aguascalientes,1,Aguascalientes,1,Aguascalientes,0587,2,,244,11.0,28.0,10.0,61.0,7.04,103.0,57.0,114.0,18.0,60.0,241.0,65,0.0,4.02,60.0,41.0,55.0,59.0,7.0,13.0,35.0,33.0,0587,1,1
